Title,Author,Imbibed,Completed,Favorite
1776,David McCullough,,,
007 Agent Under Fire Prima Strategy Guide,"Prima Temp Authors Staff, David Hodgson",TRUE,,
100% Unofficial Pokemon Trainer's Guide: Gold &amp; Silver (Gold Cover),Daily Radar,TRUE,,
1776: The Illustrated Edition,David McCullough,,,
5 Very Good Reasons to Punch a Dolphin in the Mouth (And Other Useful Guides),"The Oatmeal, Matthew Inman",,,
"A Clash of Kings (A Song of Ice and Fire, Book 2)",George R.R. Martin,TRUE,TRUE,
A Connecticut Yankee in King Arthur's Court (Bantam Classics),Mark Twain,,,
"A Crown of Swords (The Wheel of Time, Book 7)",Robert Jordan,,,
"A Dance with Dragons (A Song of Ice and Fire, Book 5)",George R.R. Martin,TRUE,TRUE,
"A Feast for Crows (A Song of Ice and Fire, Book 4)",George R.R. Martin,TRUE,TRUE,
"A Game of Thrones (A Song of Ice and Fire, Book 1)",George R.R. Martin,TRUE,TRUE,
A Grief Observed,C. S. Lewis,,,
A Hero Born: Legends of the Condor Heroes Vol. 1,"Anna Holmwood (translator), Anna Holmwood (translator) Jin Yong",TRUE,,
A History of Japan: Revised Edition,"R. H. P. Mason, J. G. Caiger",,,
A Knight of the Seven Kingdoms (A Song of Ice and Fire),George R.R. Martin,TRUE,TRUE,
A Little Hatred,Joe Abercrombie,TRUE,TRUE,
"A Little Literature: Reading, Writing, Argument","Sylvan Barnet, William E. Burto, William E. Cain",,,
A Memory of Light (Wheel of Time),"Robert Jordan, Brandon Sanderson",,,
A Mencken Chrestomathy: His Own Selection of His Choicest Writing,H.L. Mencken,,,
A Message to Garcia (Little Books of Wisdom),Elbert Hubbard,,,
A Practical Guide to Racism,C. H. Dalton,,,
A Redwall Winter's Tale,Brian Jacques,,,
A Rosicrucian Primer,"Michael Maier, John Heydon, Eugenius Philalethes, Ashley McFadden, J. D. Holmes, Waldenses Staff (Introduction by)",,,
"A Storm of Swords (A Song of Ice and Fire, Book 3)",George R. R. Martin,TRUE,TRUE,
A Tale of Two Cities (Penguin Classics),Charles Dickens,,,
A Thousand Sons (Horus Heresy),Graham McNeill,TRUE,TRUE,
A Traveler's Guide to Mars,William K. Hartmann,,,
A Treatise of Human Nature (Barnes &amp; Noble Library of Essential Reading),David Hume,,,
A Treatise on Tolerance and Other Writings,Voltaire,,,
"A World of Great Stories: 115 Stories, The Best of Modern Literature","Hiram Haydn, John Cournos",,,
"Abandon Ship!: The Saga of the U.S.S. Indianapolis, the Navy's Greatest Sea Disaster","Richard F. Newcomb, Peter Maas",,,
Abhorsen,Garth Nix,TRUE,TRUE,
"Academ's Fury (Codex Alera, Book 2)",Jim Butcher,,,
Achtung - Panzer! (Cassell Military Classics),Heinz Guderian,,,
Advance Wars,"Stephen Stratton, Prima Games Staff",TRUE,,
Advance Wars 2: Black Hole Rising,Nintendo,TRUE,,
After the War,Lomez (Editor),,,
Age of Empires II: The Conquerors Expansion: Sybex's Official Strategies &amp; Secrets,"Doug Radcliffe, Paul Schuytema",TRUE,,
Aidyn Chronicles,Bryan Stratton,TRUE,,
Alexander the Great and the Logistics of the Macedonian Army,Donald W. Engels,,,
Alfred's IPA Made Easy: A Guidebook for the International Phonetic Alphabet,Anna Wentlent,,,
"Algorithm Design: Foundations, Analysis, and Internet Examples","Michael T. Goodrich, Roberto Tamassia",TRUE,,
All My Friends Are Dead,"Avery Monsen, Jory John",,,
All You Need is Kill: 2-in-1 Edition,Ryosuke Takeuchi,TRUE,TRUE,
Always with Honor,"Sophie Goulston (Translator), Pyotr Wrangel",,,
American History Revised: 200 Startling Facts That Never Made It into the Textbooks,Seymour Morris Jr.,,,
American Violence,Robert Howard,,,
An Enquiry Concerning Human Understanding: And Selections from a Treatise of Human Nature (Barnes &amp; Noble Library of Essential Reading),"David Hume, Adam Smith",,,
An Essay Concerning Human Understanding,"John Locke, Alexander Campbell Fraser",,,
An Introduction to Chess Moves and Tactics Simply Explained (Dover Chess),Leonard Barden,,,
An Investigation of the Laws of Thought,George Boole,,,
Anarchy and the Law: The Political Economy of Choice (Independent Studies in Political Economy),Edward P. Stringham,,,
"Anarchy, State, and Utopia",Robert Nozick,,,
Ancient Egyptian Myths and Legends (Barnes &amp; Noble Library of Essential Reading),Lewis Spence,,,
Ancient World Commanders: From the Trojan War to the Fall of Rome,Angus Konstam,,,
"AngularJS, JavaScript, and jQuery All in One, Sams Teach Yourself","Brad Dayley, Brendan Dayley",,,
Animal Crossing : The Official Nintendo Player's Guide,Nintendo,TRUE,,
Animal Farm,George Orwell,TRUE,TRUE,
Animalia,Graeme Base,TRUE,TRUE,
"Annihilation: War of the Spider Queen, Book V (R.A Salvatore Presents the War of the Spider Queen)",Philip Athans,,,
Annual Whopper Book: Mother Goose / Fairy Tales / Bed-Time Nursery Book / Dog Stories,"Jean Gould, Frances Cavanah, Elizabeth Feiker",,,
Anthem,Ayn Rand,,,
Antifragile: Things That Gain from Disorder,Nassim Nicholas Taleb,,,
Arcanum Unbounded: The Cosmere Collection,Brandon Sanderson,,,
"Archaeology: Down to Earth, 4th Edition","Robert L. Kelly, David Hurst Thomas",,,
Armored Fighting Vehicles,Philip Trewhitt,,,
Art a Brief Hist Text(Loose Sheets),"Marilyn Stokstad, Michael Cothren",TRUE,TRUE,
"Art Across Time, Vol. 1: Prehistory to the Fourteenth Century 2006 [Paperback]",Laurie Schneider Adams,TRUE,TRUE,
Art and the Creative Unconscious,Erich Neumann,,,
Art Deco Complete: The Definitive Guide to the Decorative Arts of the 1920s and 1930s,Alastair Duncan,TRUE,,
Artificial Intelligence: A Modern Approach (2nd Edition),"Stuart Russell, Peter Norvig",TRUE,TRUE,
Astrology,Dorling Kindersley Publishing Staff,,,
"Astronomy Today,  Volume 1: The Solar System (5th Edition)","Eric Chaisson, Steve McMillan",TRUE,TRUE,
"Astronomy Today,  Volume 2: Stars and Galaxies (5th Edition)","Eric Chaisson, Steve McMillan",TRUE,TRUE,
Atlas of World War II,Richard Natkiel,,,
Atlas of World War II Battle Plans,Stephen Badsey,,,
Atlas of World War II: Over 160 Detailed Battle &amp; Campaign Maps,n/a,,,
Atlas Shrugged: 35th Anniversary Edition,Ayn Rand,TRUE,TRUE,
"Atom and Archetype: The Pauli/Jung Letters, 1932-1958","C. G. Jung, Wolfgang Pauli",,,
Augustine: A Very Short Introduction,Henry Chadwick,,,
Authorized Secret of Evermore(tm) Strategy Guide (Brady Games),PETERSEN & GARRETT,TRUE,,
Ava's Demon,Michelle Czajkowski,,,
"Avatar: The Last Airbender, The Search","Michael Dante DiMartino, Bryan Konietzko, Gene Luen Yang",,,
Banjo-Kazooie Nintendo Power Guide,Nintendo,TRUE,,
Banjo-Tooie: The Official Nintendo Player's Strategy Guide,Nintendo of America,TRUE,,
"Baron Von Steuben's Revolutionary War Drill Manual: A Facsimile Reprint of the 1794 Edition (Dover Military History, Weapons, Armor)",Frederick William Baron von Steuben,,,
Bart Simpson's Guide to Life: A Wee Handbook for the Perplexed,Matt Groening,,,
Based on a True Story: A Memoir,Norm Macdonald,TRUE,TRUE,
Basics Of Winning Chess,Jacob Cantrell,TRUE,,
Battle,Wilfrid Wilson Gibson,,,
Battle Cry of Freedom: The Civil War Era (Oxford History of the United States),James M. McPherson,,,
"Battle: A Visual Journey Through 5,000 Years of Combat",R. G. Grant,,,
"Battles That Changed Warfare, 1457 BC - 1991 AD",Kelly et al Devries,,,
"Bauchelain and Korbal Broach: Three Short Novels of the Malazan Empire, Volume One (Malazan Empire Novels)",Steven Erikson,,,
"Beasts, Men, and Gods",Ferdinand Ossendowski,,,
Before They Are Hanged (The First Law: Book Two),Joe Abercrombie,TRUE,TRUE,
Beginning Game Art in 3Ds Max 8,"Les Pardew, Dan Whittington",,,
Beginning Lua with World of Warcraft Add-ons,Paul Emmerich,,,
Beginning Ruby: From Novice to Professional (Expert's Voice in Open Source),Peter Cooper,,,
"Beginning XML, 4th Edition","David Hunter, Jeff Rafter, Joe Fawcett, Eric van der Vlist, Danny Ayers, Jon Duckett, Andrew Watt, Linda McKinnon",,,
Ben-Hur,Lew Wallace,,,
Benjamin Franklin: Young Printer (Childhood of Famous Americans),Augusta Stevenson,,,
Beowulf,Seamus Heaney,TRUE,,
Best Served Cold,Joe Abercrombie,TRUE,TRUE,
Beyond Good and Evil,Friedrich Nietzsche,,,
Beyond Good and Evil: Prelude to a Philosophy of the Future (Dover Thrift Editions),Friedrich Nietzsche,,,
Billy and the Minpins,Roald Dahl,,,
Black Sheep: The Life of Pappy Boyington,John F. Wukovitz,,,
Blade Itself (First Law 1),Joe Abercrombie,TRUE,TRUE,
Blaeu's The Grand Atlas of the 17th Century World,Jean Bleau,,,
Blood of Elves: Witcher 1 – Now a major Netflix show,Andrzej Sapkowski,,,
"Blood of the Fold (Sword of Truth, Book 3)",Terry Goodkind,,,
Boy,Roald Dahl,,,
Brandon Sanderson's White Sand Volume 1,"Brandon Sanderson, Rik Hoskin",,,
Brandon Sanderson's White Sand Volume 2,"Brandon Sanderson, Rik Hoskin",,,
Brandon Sanderson's White Sand Volume 3,"Brandon Sanderson, Rik Hoskin",,,
Brave New World,Aldous Huxley,TRUE,TRUE,
Breath of Fire Dragon Quarter,"BradyGames Staff, Casey Loe",TRUE,,
Breath of Fire III:  Prima's Official Strategy Guide,"Chip Daniels, P.D. Joyce",TRUE,,
Breath of Fire IV: Prima's Official Strategy Guide,"Jason Young, John Shivers",TRUE,,
Bronze Age Mindset,Bronze Age Pervert,,,
Bulfinch's Mythology,Thomas Bulfinch,,,
Bulfinch's Mythology (Barnes &amp; Noble Classics),Thomas Bulfinch,,,
Burning Chrome,William Gibson,,,
Bushido (Square One Classics),Tsunetomo Yamamoto,,,
Butterfly &amp; Moth (Eyewitness Books),Paul Whalley,,,
C++ Programming: From Problem Analysis to Program Design,D. S. Malik,TRUE,,
Calamity (The Reckoners),Brandon Sanderson,TRUE,TRUE,
Calculus: Early Transcendentals,James Stewart,TRUE,TRUE,
Captain America by Ta-Nehisi Coates Vol. 5 Tpb,Ta-Nehisi Coates,,,
"Captain's Fury (Codex Alera, Book 4)",Jim Butcher,,,
Cartoons of World War,Tony Husband,TRUE,,
Castlevania 64 Official Strategy Guide,David S. J. Hodgson,TRUE,,
Cat (Eyewitness Books),Julie Clutton-Brock,,,
Catch Me If You Can: The True Story of a Real Fake,"Stan Redding, Frank W. Abagnale",,,
Celtic Myths and Legends,T.W Rolleston,,,
"Chainfire: Chainfire Trilogy, Part 1 (Sword of Truth, Book 9)",Terry Goodkind,,,
Chapterhouse: Dune,Frank Herbert,,,
"Characters, Emotion &amp; Viewpoint: Techniques and Exercises for Crafting Dynamic Characters and Effective Viewpoints (Write Great Fiction)",Nancy Kress,,,
Charlemagne,Derek Wilson,,,
Charlie and the Chocolate Factory,Roald Dahl,,,
Charlie and the Great Glass Elevator,Roald Dahl,,,
Children of Dune,Frank Herbert,,,
Children's Past Lives: How Past Life Memories Affect Your Child,Carol Bowman,,,
Christ the Eternal Tao,Hieromonk Damascene,,,
Christmas Classics,"Christian Birmingham (Illustrator), Don Daily (Illustrator), Charles Dickens, E. T. A. Hoffmann, Clement Clarke Moore",,,
Chronicles of the Black Company,Glen Cook,TRUE,TRUE,
Chrono Cross Official Strategy Guide (Bradygames Strategy Guides),"Dan Birlew, Ken Schmidt",TRUE,,
Chrono Trigger Nintendo Player's Guide,Nintendo,TRUE,,
"Ciaphas Cain: Defender of the Imperium (Warhammer 40,000 Omnibus)",Sandy Mitchell,TRUE,TRUE,
Ciaphas Cain: Hero of the Imperium (Ciaphas Cain Novels),Sandy Mitchell,TRUE,TRUE,
"Cicero, Volume XXI. On Duties (De Officiis): De Officiis (Loeb Classical Library No. 30)",Cicero,,,
Civil War - An American Heritage Book,"James M. McPherson, Bruce Catton",,,
Civilisation,Kenneth Clark,,,
Clariel: The Lost Abhorsen (Old Kingdom),Garth Nix,TRUE,TRUE,
CliffsQuickReview United States History II,"Abraham Hoffman, Paul Soifer",,,
"Code Complete: A Practical Handbook of Software Construction, Second Edition",Steve McConnell,,,
Codex Blood Angels,Gavin Thorpe,TRUE,,
Codex Eye of Terror,"Andy Chambers, Andy Hoare, Phil Kelly, Mark Owen (Editor), Nathan Winter (Editor), Michelle Barson (Editor), Karl Kopinski (Illustrator), Paul Jeacock (Illustrator), Paul Dainton (Illustrator)",TRUE,,
Codex Grey Knights,Unknown,TRUE,,
Codex Imperial Guard,"Andy Chambers, Pete Haines, Andy Hoare, Mark Owen (Editor), John Michelbach (Editor), Michelle Barson (Editor), Alexander Boyd (Illustrator), Adrian Smith (Illustrator), Karl Kopinski (Illustrator)",TRUE,,
Codex Necrons,Games Workshop,TRUE,,
"Codex Orks (Warhammer 40,000)",Phil Kelly,TRUE,,
Codex Tau,Games Workshop,TRUE,,
Codex Tyranids,,TRUE,,
Codex Witch Hunters,"Andy Hoare,Pete Haines Graham McNeil",TRUE,,
Codex:  Space Marines,"Games Workshop, Games Workshop",TRUE,,
Codex:  Tyranids,"Games Workshop, Games Workshop",TRUE,,
Codex: Chaos Space Marines,Jervis Johnson,TRUE,,
"Codex: Dark Eldar; Warhammer 40,000","Jervis Johnson, Gavin Thorpe",TRUE,,
"Codex: Eldar (Warhammer 40,000)",Gavin Thorpe,TRUE,,
Commanders,R. G. Grant,,,
Common Sense,Thomas Paine,,,
Common Sense (Penguin Classics),Thomas Paine,,,
Complete Edgar Allan Poe Tales,Rh Value Publishing,,,
"Complete Works Of Friedrich Nietzsche 6 Book Collection (Thus Spake Zarathustra, Human all too human, Beyond good and evil, The twilight of the idols, Ecch homo, On the genealogy of morals)",Friedrich Nietzsche,,,
Computer Networking,"James F. Kurose, Keith W. Ross",TRUE,TRUE,
"Computer Organization and Design, Fourth Edition: The Hardware/Software Interface (The Morgan Kaufmann Series in Computer Architecture and Design)","David A. Patterson, John L. Hennessy",TRUE,TRUE,
Concise History of the World: An Illustrated Time Line,National Geographic,,,
"Condemnation (Forgotten Realms: R.A. Salvatore's War of the Spider Queen, Book 3)",Richard Baker,,,
Confederates,Thomas Keneally,,,
Confessions (Barnes &amp; Noble Classics Series),Saint Augustine,,,
Confessor (Sword of Truth),Terry Goodkind,,,
"Console Wars: Sega, Nintendo, and the Battle that Defined a Generation",Blake J. Harris,,,
Conversations With God : An Uncommon Dialogue (Book 1),Neale Donald Walsch,,,
Count Zero,William Gibson,,,
Critique of Judgment,Immanuel Kant,,,
Critique of Practical Reason and Other Works on the Theory of Ethics,"Thomas Kingsmill Abbott (Translator), Dennis Sweet (Introduction) Immanuel Kant",,,
Critique of Pure Reason (Barnes &amp; Noble Library of Essential Reading),Immanuel Kant,,,
Crossroads of Freedom: Antietam (Pivotal Moments in American History),James M. McPherson,,,
Crossroads of Twilight,Robert Jordan,,,
Cryptology (Spectrum),Albrecht Beutelspacher,,,
"Cursor's Fury (Codex Alera, Book 3)",Jim Butcher,,,
Daemonhunters Codex,"Pete Haines, Graham McNeil",TRUE,,
"Danny, the Champion of the World",Roald Dahl,,,
Dark Aeon,"Joe Allen, Stephen K. Bannon (Foreword by)",,,
Dark Cloud,Dimension Publishing Staff,TRUE,,
Dark Cloud 2 (Prima's Official Strategy Guide),Prima Games,TRUE,,
Dark Heresy Second Edition: Core Rulebook,Black Industries,TRUE,,
Dark Lord (Falconfar),Ed Greenwood,,,
Das Kapital,Karl Marx,TRUE,,
Das Nibelungenlied: Song of the Nibelungs,Burton Raffel,,,
Data Abstraction &amp; Problem Solving with C++ (5th Edition),Frank M. Carrano,TRUE,TRUE,
Database System Concepts,"Abraham Silberschatz, Henry Korth, S. Sudarshan",TRUE,TRUE,
David Copperfield,Charles Dickens,,,
Dawn: The Worlds of Final Fantasy,Yoshitaka Amano,,,
"Dead Sky, Black Sun (Warhammer 40,000 Novels) (Pt. 3)",Graham McNeill,TRUE,TRUE,
"Deadhouse Gates (The Malazan Book of the Fallen, Book 2)",Steven Erikson,TRUE,TRUE,
Death's End (Remembrance of Earth's Past),Cixin Liu,,,
Democracy in America (Perennial Classics),Alexis de Tocqueville,,,
"Description &amp; Setting: Techniques and Exercises for Crafting a Believable World of People, Places, and Events (Write Great Fiction)",Ron Rozelle,,,
Diablo Archive,Richard A. Knaak,,,
Diablo II Official Strategy Guide (Bradygames Strategy Guides),Bart G. Farkas,TRUE,,
Diablo II Ultimate Strategy Guide,Farkas,TRUE,,
Diablo II: Lord of Destruction Official Strategy Guide,Bart G. Farkas,TRUE,,
Diablo III: Book of Cain,Deckard Cain,,,
Diablo III: Book of Tyrael,Tyrael,,,
Dictionary of Mythology,Bergen Evans,TRUE,,
Diddy Kong Racing Official Nintendo Player's Guide,Nintendo,TRUE,,
"Digital Design with RTL Design, VHDL, and Verilog",Frank Vahid,TRUE,TRUE,
Dilbert - A Treasury Of Sunday Strips:  Version 00,Scott Adams,TRUE,,
Dinosaurs (DK Pockets),DK Publishing,,,
Discourse on Method (Barnes &amp; Noble Library of Essential Reading): And Meditations on the First Philosophy,Rene Descartes,,,
Discrete Mathematics and Its Applications,Kenneth Rosen,,,
Dissolution,Richard Lee Byers,,,
DK Biography: George Washington,Lenny Hort,,,
DK Pockets: Dogs,David Taylor,,,
Dog (Eyewitness Books),Julie Clutton-Brock,,,
Donkey Kong 64 Official Nintendo Player's Guide from Nintendo Power,Nintendo,TRUE,,
Donkey Kong Country 2: Diddy's Kong Quest Nintendo Player's Guide,Nintendo,TRUE,,
Draco Alchemicus: Act I: Casino,"Dragon Common Room, Zé Nuno Fraga (Illustrator)",,,
Dracula (Dover Thrift Editions),Bram Stoker,,,
Dracula and Other Horror Classics,Bram Stoker,,,
Dragon Quest - The Adventure of the (1) (Jump Comics) (1990) ISBN: 4088710711 [Japanese Import],Riku Sanjo,TRUE,,
Dragon Warrior I &amp; II Prima Strategy Guide,Scruffy Productions Staff,TRUE,,
Dragon Warrior Monsters: Prima's Official Strategy Guide,"Elizabeth Hollinger, James Ratkos",TRUE,,
Drawing: The Complete Course,Stan Smith,,,
Dream of the Red Chamber,Tsao Hsueh-Chin,,,
Dune,Frank Herbert,TRUE,TRUE,
"Dune (Dune Chronicles, Book 1)",Frank Herbert,TRUE,TRUE,
Dune (Penguin Galaxy),Frank Herbert,TRUE,TRUE,
Dune Messiah,Frank Herbert,,,
Dungeon Master's Guide: Core Rulebook II v. 3.5 (Dungeons &amp; Dragons d20 System),Monte Cook,TRUE,,
"Dungeons &amp; Dragons Players' Handbook: Core Rulebook I, v. 3.5",Wizards Team,TRUE,,
Dust of Dreams: Book Nine of The Malazan Book of the Fallen,Steven Erikson,TRUE,TRUE,
Earthsearch,John Cassidy,,,
Ecce Homo,Friedrich Nietzsche,,,
Economics (Cliffs Quick Review),John Duffy,,,
Ego &amp; Hubris: The Michael Malice Story,Harvey Pekar,,,
"Eisenhorn (A Warhammer 40,000 Omnibus)",Dan Abnett,,,
Eisenhower: A Soldier's Life,Carlo D'Este,,,
Elantris,Brandon Sanderson,TRUE,TRUE,
"Eldar, Codex, Warhammer 40,000",Rick Priestley,TRUE,,
"Eldest (Inheritance, Book 2)",Christopher Paolini,,,
Empire Earth,IMGS Inc. Staff,TRUE,,
Ender's Game,Orson Scott Card,TRUE,TRUE,
Endsinger: The Lotus War Book Three,Jay Kristoff,,,
Enter the Matrix(TM) Official Strategy Guide (Bradygames Strategy Guides),Doug Walsh,TRUE,,
"Enuma Elish: The Babylonian Creation Epic: also includes 'Atrahasis', the first Great Flood myth",Timothy J. Stephany,,,
"Eragon (Inheritance, Book 1)",Christopher Paolini,,,
Esio Trot,Roald Dahl,,,
Essays (Penguin Classics),Plutarch,,,
Essentials of World Regional Geography (with Access Code Card),"Joseph J. Hobbs, Christopher L. Salter",TRUE,TRUE,
Everquest,"Prima Temp Authors Staff, Scruffy Productions Staff",TRUE,,
Everquest Atlas: The Maps of Myrist,"Ryan Barker, Amanda Flock",TRUE,,
EverQuest Box Set (Prima's Official Strategy Guide),Prima Temp Authors,TRUE,,
Everquest Online Adventures,"Prima Temp Authors Staff, Scruffy Productions Staff",TRUE,,
EverQuest: Shadows of Luclin: Prima's Official Strategy Guide,Beth Loubet,TRUE,,
EverQuest: The Planes of Power (Prima's Official Strategy Guide),Scruffy Productions,TRUE,,
EverQuest: The Ruins of Kunark--Revised &amp; Expanded: Prima's Official Strategy Guide,Inc. IMGS,TRUE,,
Explorer (Eyewitness Books),Rupert Matthews,,,
"Extinction (Forgotten Realms: R.A. Salvatore's War of the Spider, Book 4)",Lisa Smedman,,,
Fahrenheit 451: A Novel,Ray Bradbury,TRUE,TRUE,
"Faith of the Fallen (Sword of Truth, Book 6)",Terry Goodkind,,,
False Gods: The Heresy Takes Root (The Horus Heresy),Graham McNeill,TRUE,TRUE,
Fantastic Gustave Doré,"Alix Paré, Valérie Sueur-Hermel",,,
Fantastic Mr. Fox,Roald Dahl,,,
"Faust: A Tragedy, Parts One and Two, Fully Revised",Johann Wolfgang von Goethe,,,
Field Guide to Kanto,Kari Fry,,,
Fighting Techniques of Naval Warfare,"MJ Dougherty, Phylis Jestice, Christer Jorgensen, Rob S. Rice Iain Dickie",,,
"Fighting Techniques of the Ancient World (3000 B.C. to 500 A.D.): Equipment, Combat Skills and Tactics","Simon Anglim, Phyllis G. Jestice, Rice Rob S., Scott M. Rusch, John Serrati",,,
Fighting Techniques of the Medieval World AD 500-1500,"Matthew; Bradbury, Jim ; DeVries, Kelly ; Dickie, Iain ;Jestice, Phyllis G. Bennett",,,
"Fighting Techniques of the Oriental World (1200 A.D.. to 1860 A.D.): Equipment, Combat Skills and Tactics","Michael E. Haskew, Christer Jorgensen, Rice Rob S., Chris McNab, Eric Niderost",,,
Fighting the Flying Circus,Edward Rickenbacker,,,
Final Fantasy and Philosophy: The Ultimate Walkthrough,"Jason P. Blahuta, Michel S. Beaulieu, William Irwin",,,
Final Fantasy Anthology Official Strategy Guide (Bradygames Strategy Guides),David Cassady,TRUE,,
"FINAL FANTASY Box Set (FFVII, FFVIII, FFIX): Official Game Guides",Prima Games,TRUE,,
Final Fantasy Chronicles Official Strategy Guide: Chrono Trigger and Final Fantasy 4,Dan Birlew,TRUE,,
Final Fantasy Crystal Chronicles: Official Nintendo Power Guide,Nintendo of America,TRUE,,
Final Fantasy III:  Bradygames Official Strategy Guide,BradyGames,TRUE,,
FINAL FANTASY IV Official Strategy Guide (Official Strategy Guides (Bradygames)),BradyGames,TRUE,,
Final Fantasy IX Official Strategy Guide (Video Game Books),Dan Birlew,TRUE,,
Final Fantasy Mystic Quest Strategy Guidebook,Nintendo,TRUE,,
Final Fantasy Origins: Official Strategy Guide,Casey Loe,TRUE,,
Final Fantasy Tactics Advance,Nintendo of America,TRUE,,
Final Fantasy Tactics: The Official Strategy Guide (Greatest Hits),"Elizabeth Hollinger, James Ratkos",TRUE,,
Final Fantasy Tactics: The War of the Lions Official Strategy Guide (BradyGames Official Strategy Guides),"Adam Deats, Alicia Ashby",TRUE,,
Final Fantasy Ultimania Archive Volume 1,Square Enix,TRUE,,
Final Fantasy Ultimania Archive Volume 2,Square Enix,TRUE,,
Final Fantasy Ultimania Archive Volume 3,Square Enix,TRUE,,
Final Fantasy VII: Ultimate Strategy Guide : Unofficial (The Final Fantasy Series),Ron Wartow,TRUE,,
Final Fantasy VIII,David Cassady,TRUE,,
Final Fantasy X Official Strategy Guide (Brady Games Signature Series),Dan Birlew,TRUE,,
Final Fantasy X-2: Official Strategy Guide,Dan Birlew,TRUE,,
Final Fantasy XI Official Strategy Guide for PS2 &amp; PC (Spring 2004 Version),Michael Lummis,TRUE,,
Final Fantasy XII Signature Series Guide (Bradygames Signature Guides),BradyGames,TRUE,,
Final Fantasy XIII-2: The Complete Official Guide - Collector's Edition,Piggyback,TRUE,,
Final Fantasy XIII: Complete Official Guide - Standard Edition,Piggyback,TRUE,,
Fire Emblem - Radiant Dawn,Dan Birlew,TRUE,,
Fire Emblem: Game Boy Advance: The Official Strategy Guide from Nintendo Power,Inc. Nintendo of America,TRUE,,
Fire Emblem: Shadow Dragon: Prima Official Game Guide (Prima Official Game Guides),Stephen Stratton,TRUE,,
Firefight (The Reckoners),Brandon Sanderson,TRUE,TRUE,
First and Only,Dan Abnett,TRUE,TRUE,
Fish (Eyewitness books),Dorling Kindersley Ltd,,,
Five Dialogues,"Plato, G. M. A. Grube",,,
Flatland,Edwin Abbott,,,
Fooled by Randomness: The Hidden Role of Chance in Life and in the Markets,Nassim Nicholas Taleb,,,
FoxTrotius Maximus: A FoxTrot Treasury,Bill Amend,,,
Frank Herbert's Dune Saga 6-Book Boxed Set,Frank Herbert,,,
Frankenstein (Penguin Classics),Mary Shelley,,,
From Manassas to Appomattox (Barnes &amp; Noble Library of Essential Reading): Memoirs of the Civil War in America,James Longstreet,,,
"From The Two Rivers: The Eye of the World, Book 1 (Eye of the World, Part 1 : the Beginning of the Wheel of Time)",Robert Jordan,TRUE,TRUE,
Frommer's EasyGuide to Germany (Easy Guides),"Donald Olson, Stephen Brewer",,,
"Fundamentals of Financial Management, Concise Edition (with Thomson ONE - Business School Edition)","Eugene F. Brigham, Joel F. Houston",,,
"Furies of Calderon (Codex Alera, Book 1)",Jim Butcher,,,
Fusiliers: The Saga of a British Redcoat Regiment in the American Revolution,Mark Urban,,,
"G&ouml;del, Escher, Bach: An Eternal Golden Braid",Douglas R. Hofstadter,,,
Game Boy Nintendo Player's Guide,Nintendo,TRUE,,
Game Design Workshop: A Playcentric Approach to Creating Innovative Games,Tracy Fullerton,TRUE,,
Game of Thrones: A Pop-Up Guide to Westeros,"Matthew Reinhart, Michael J. Komarck",TRUE,,
Game of Thrones: a Viewer's Guide to the World of Westeros and Beyond,Myles McNutt,TRUE,,
Gardens of the Moon (Malazan Book of the Fallen),Steven Erikson,TRUE,TRUE,
"Gardens of the Moon (The Malazan Book of the Fallen, Vol. 1)",Steven Erikson,TRUE,TRUE,
Gaunt's Ghosts: The Founding,Dan Abnett,,,
Gaunt's Ghosts: The Saint,Dan Abnett,,,
George Washington's Sacred Fire,"Peter A. Lillback, Jerry Newcombe",,,
George's Marvellous Medicine,Roald Dahl,,,
Ghost Soldiers: The Epic Account of World War II's Greatest Rescue Mission,Hampton Sides,,,
God Emperor of Dune,Frank Herbert,,,
God's'Dog,"Jonathan Pageau, Matthieu Pageau, Cord Nielson (Illustrator)",TRUE,TRUE,
God's'dog: Garments of Skin,"Jonathan Pageau, Chris Petrocchi (Illustrator), Graman Folcwald (Illustrator), Jesse White (Illustrator), Matthew Crotts (Illustrator)",,,
God's'Dog: Warrior,"Jonathan Pageau, Matthieu Pageau, Cord Nielson (Illustrator)",,,
"Goddesses, Heroes, and Shamans: The Young People's Guide to World Mythology",David Bellingham,TRUE,,
Going Solo,Roald Dahl,,,
Golden Compass: His Dark Materials - Book 1,Philip Pullman,TRUE,TRUE,
Golden Sun &amp; Golden Sun 2: The Lost Age (Prima's Official Strategy Guide) (v. 1 &amp; 2),"Elizabeth Hollinger, David Cassady, Debra McBride",TRUE,,
Golden Sun: Dark Dawn: Prima Official Game Guide,Stephen Stratton,TRUE,,
GoldenEye Official Nintendo Player's Guide,Nintendo,TRUE,,
Goldenhand,Garth Nix,TRUE,TRUE,
Gospel of Wealth (Little Books of Wisdom),Andrew Carnegie,,,
"Gothic: Architecture, Sculpture, Painting","Achim Bednorz, Rolf Toman",,,
Gotrek &amp; Felix: The First Omnibus (Gotrek &amp; Felix Novels),William King,,,
Grace and Treachery,Robert Howard,,,
Great American Short Stories: From Hawthorne to Hemingway (Barnes &amp; Noble Classics),Corinne Demas,,,
Great Expectations,Charles Dickens,,,
Gregory of Nyssa: The Life of Moses (Classics of Western Spirituality),Gregory of Nyssa,,,
"Grey Knights (Warhammer 40,000 Novels)",Ben Counter,TRUE,TRUE,
Grimm's Complete Fairy Tales,"Jacob Grimm, Wilhelm Grimm",,,
"Guns, Germs, and Steel: The Fates of Human Societies",Jared M. Diamond,,,
H. G. Wells (Leather-bound Classics),H. G. Wells,,,
H.P. Lovecraft Complete Fiction,H. P. Lovecraft,,,
Hagakure: The Book of the Samurai,Yamamoto Tsunetomo,TRUE,TRUE,
Halo 2: The Official Game Guide,Piggyback Interactive Ltd.,TRUE,,
Hannibal (Barnes &amp; Noble Library of Essential Reading),Theodore Ayrault Dodge,,,
Harry Potter and the Chamber of Secrets (Book 2),J.K. Rowling,TRUE,TRUE,
Harry Potter and the Deathly Hallows (Book 7),J. K. Rowling,TRUE,TRUE,
Harry Potter and the Goblet of Fire (Book 4),J.K. Rowling,TRUE,TRUE,
Harry Potter and the Half Blood Prince,J.K. Rowling,TRUE,TRUE,
Harry Potter and the Order of the Phoenix,J. K. Rowling,TRUE,TRUE,
Harry Potter and the Prisoner of Azkaban (Book 3),J.K. Rowling,TRUE,TRUE,
Harry Potter and the Sorcerer's Stone (Book 1),J.K. Rowling,TRUE,TRUE,
Heart of Darkness (Norton Critical Editions),Joseph Conrad,TRUE,TRUE,
Heretics of Dune,Frank Herbert,,,
Herodotus: The History,Herodotus,,,
Heroes of Might and Magic III,"Tom Ono, Edward Chapman",TRUE,,
Heroes of Might and Magic IV,"Steve Honeywell, Greg Kramer",TRUE,,
"Hesiod and Theognis (Penguin Classics): Theogony, Works and Days, and Elegies","Hesiod, Theognis",,,
His Dark Materials,Philip Pullman,TRUE,TRUE,
"His Last Command (Warhammer 40,000 Novels)",Dan Abnett,,,
Hordes of Chaos,"Gavin; Priestley, Rick; Reynolds, Anthony Thorpe",TRUE,,
Horus Heresy: First Heretic,Aaron Dembski-Bowden,,,
Horus Heresy: Legion,Dan Abnett,,,
Horus Heresy: Visions of Heresy,Alan Merrett,,,
Horus Rising: Anniversary Edition (Horus Heresy),Dan Abnett,TRUE,TRUE,
"House of Chains (The Malazan Book of the Fallen, Book 4)",Steven Erikson,TRUE,TRUE,
How Math Works,Carol Vorderman,,,
How Science Works,Judith HANN,,,
How the World Is Made: The Story of Creation according to Sacred Geometry,John Michell,,,
How Things Work,STEVE PARKER,,,
How Things Work 2nd Edition,Chartwell Books (Produced by),,,
How Things Work: 100 Ways Parents and Kids Can Share the Secrets of Technology,Neil Ardley,,,
How to Create a Mind: The Secret of Human Thought Revealed,Ray Kurzweil,,,
How to Draw Donkey Kong and Friends,Michael Teitelbaum,TRUE,,
How to Make a Telescope ( Second English Edition),Jean Texereau,TRUE,,
How to Paint Citadel Miniatures,"Rick Priestley, David Cross",TRUE,,
How to Write Science Fiction &amp; Fantasy,Orson Scott Card,TRUE,,
How We Think (Barnes &amp; Noble Library of Essential Reading),John Dewey,,,
"HTML &amp; XHTML Pocket Reference: Quick, Comprehensive, Indispensible (Pocket Reference (O'Reilly))",Jennifer Niederst Robbins,,,
HTML and XHTML,Faithe Wempen,,,
HTTP Pocket Reference: Hypertext Transfer Protocol,Clinton Wong,,,
"Human Smoke: The Beginnings of World War II, the End of Civilization",Nicholson Baker,,,
"Human, All Too Human",Friedrich Nietzsche,,,
"I, Mengsk (StarCraft)",Graham McNeill,,,
If Hemingway Wrote JavaScript,Angus Croll,,,
Illustrated Book of Signs &amp; Symbols,Miranda Bruce-Mitford,,,
Imperial Munitorum Manual,Graham McNeill,TRUE,,
Incerto,Nassim Nicholas Taleb,,,
Industrial Society and Its Future,Theodore John Kaczynski,TRUE,TRUE,
Infantry Attacks,Erwin Rommel,,,
Infantry Attacks (Zenith Military Classics),Erwin Rommel,,,
Insect (Eyewitness books),Dorling Kindersley Ltd,,,
Inside HBO's Game of Thrones,Bryan Cogman,TRUE,,
"Insurrection (Forgotten Realms:  R.A. Salvatore's War of the Spider Queen, Book 2)",Thomas M. Reid,,,
Intellectual Property,"David Lange, Mary LaFrance, Gary Myers",TRUE,,
International Business: The Challenge of Global Competition w/ CESIM access card,"Donald Ball, Michael Geringer, Michael Minor, Jeanne McNett",,,
Introduction to Logic (Barnes &amp; Noble Library of Essential Reading),Immanuel Kant,TRUE,TRUE,
Introduction to Physical Anthropology,"Robert Jurmain, Lynn Kilgore, Wenda Trevathan, Russell L. Ciochon",TRUE,TRUE,
"Iron Kingdom: The Rise and Downfall of Prussia, 1600-1947",Christopher Clark,,,
Ivanhoe (Penguin Classics),Walter Scott,,,
Ivanhoe: A Romance,"M. Publishing (General Editor), Sir Walter Scott",,,
Jack and the Fallen Giants,"Jonathan Pageau, EloÃ¯se Scherrer (Illustrator)",,,
Jak 3,"James Price (Editor), Maura Sutton (Editor)",TRUE,,
Jak and Daxter,Dimension Publishing Staff,TRUE,,
Jak II Official Strategy Guide,Greg Off,TRUE,,
James and the Giant Peach,Roald Dahl,,,
Java Software Solutions: Foundations of Program Design (6th Edition),"John Lewis, William Loftus",TRUE,TRUE,
JavaScript Pocket Reference (2nd Edition),David Flanagan,,,
Jet Force Gemini Official Strategy Guide (Brady Games),BradyGames,TRUE,,
Jules Verne: Seven Novels (Barnes &amp; Noble Leatherbound),Jules Verne,,,
Kidnapped (Bantam Classics),Robert Louis Stevenson,,,
Killing the SS: The Hunt for the Worst War Criminals in History (Bill O'Reilly's Killing Series),"Bill O'Reilly, Martin Dugard",,,
Kingdom Hearts II Limited Edition Strategy Guide (Official Strategy Guides) (Official Strategy Guides) (Official Strategy Guides),PTG,TRUE,,
Kingdom Hearts Official Strategy Guide,Dan Birlew,TRUE,,
Kings of Unchristian Lands,Robert Howard,,,
Kinslayer: The Lotus War Book Two,Jay Kristoff,,,
Kirby 64,Matthew K. Brady,TRUE,,
"Knife of Dreams (The Wheel of Time, Book 11)",Robert Jordan,,,
Knight (Eyewitness Books),"Christopher Gravett, Geoff Dann",,,
Knight's Cross : A Life of Field Marshal Erwin Rommel,David Fraser,,,
Knights in History and Legend,Various,,,
Knowledge Network,Copper Beech Books Staff (Editor),,,
Kyrie,"Matthew Crotts (Editor, Illustrator, (various roles))",,,
Kyrie Part II,Matthew Crotts,,,
Kyrie Part III,Matthew Crotts,,,
Lafayette: Hero of the American Revolution,Gonzague Saint Bris,,,
Last Argument of Kings (First Law: Book Three),Joe Abercrombie,TRUE,TRUE,
Laurus,Eugene Vodolazkin,,,
Le Morte d'Arthur: King Arthur and the Knights of the Round Table,Thomas Malory,,,
Legend of the Hero,Kari Fry,,,
Legend of Zelda: A Link to the Past (The Legend of Zelda),Shotaro Ishinomori,TRUE,,
Legend of Zelda: Oracle of Seasons and Oracles of Ages: The Official Nintendo Player's Guide,Scott (Editor) Pelland,TRUE,,
Legion,Brandon Sanderson,TRUE,TRUE,
Legion: Lies of the Beholder,Brandon Sanderson (author),,,
Legion: Skin Deep,Brandon Sanderson,,,
Les Miserables (Clothbound Classics),Victor Hugo,,,
Letters from a Stoic. Epistulae Morales ad Lucilium. Selected and Translated with an Introduction by Robin Campbell.,Seneca,,,
Letters from the Earth,Mark Twain,,,
Leviathan,Scott Westerfeld,,,
Leviathan (Barnes &amp; Noble Library of Essential Reading),Thomas Hobbes,,,
Liber Kaos,Peter J Carroll,,,
"Liberty, Justice, and Morals",Burton M. Leiser,TRUE,,
"Linear Algebra, Third Edition","John B. Fraleigh, Raymond A. Beauregard",TRUE,TRUE,
Lirael: Daughter of the Clayr,Garth Nix,TRUE,TRUE,
Lone Wolf and Cub Omnibus Volume 1,Kazuo Koike,,,
Lonely Planet Discover Germany (Travel Guide),"Lonely Planet, Andrea Schulte-Peevers, Kerry Christiani, Marc Di Duca, Anthony Haywood, Daniel Robinson, Ryan Ver Berkmoes",,,
"Lord of Chaos (The Wheel of Time, Book 6)",Robert Jordan,,,
Lords of Magic (Prima's Official Strategy Guide),Joe Grant Bell,TRUE,,
Lysistrata and Other Plays (Penguin Classics),Aristophanes,,,
Machines of War: The Definitive Visual History of Military Hardware,DK,,,
Macromedia Flash Professional 8 Unleashed,David Vogeleer,,,
Mainspring,Jay Lake,,,
Man and His Symbols (Dell Books #5183),Carl G. (editor) Jung,,,
"Man Walks into a Bar: Over 6,000 of the Most Hilarious Jokes, Funniest Insults and Gut-Busting One-Liners","Stephen Arnott, Mike Haskins",,,
Maps of Meaning: The Architecture of Belief,Jordan B. Peterson,TRUE,,
Maps: Finding Our Place in the World,"James R. Akerman, Robert W. Karrow Jr., et al.",,,
"Mariel of Redwall (Redwall, Book 4)",Brian Jacques,,,
Mario Mania Nintendo Player's Guide,Nintendo,TRUE,,
Mario Tennis (Prima's Official Strategy Guide),Nintendo,TRUE,,
"Martin the Warrior (Redwall, Book 6)",Brian Jacques,,,
"Masters of Deception: Escher, Dali &amp; the Artists of Optical Illusion",Al Seckel,,,
Mathematical Statistics and Data Analysis (with CD Data Sets) (Duxbury Advanced),John A. Rice,TRUE,TRUE,
Matilda,Roald Dahl,,,
Matthias Thulmann: Witch Hunter (Warhammer Novels),C. L. Werner,,,
Mattimeo: A Tale From Redwall,Brian Jacques,,,
Medal Of Honor: Frontline (Prima's Official Strategy Guide),Mark Cohen,TRUE,,
Medal of Honor: Rising Sun (Prima's Official Strategy Guide),Prima Games,TRUE,,
Medieval Epics and Sagas,Various,,,
"Medieval Wordbook: More Than 4,000 Terms and Expressions From Medieval Culture",Madeleine Pelner Cosman,,,
Meditations (Everyman's Library Classics &amp; Contemporary Classics),Marcus Aurelius,,,
Meditations (Penguin Classics),Marcus Aurelius,,,
Memoirs,William T. Sherman,,,
"Memories of Ice (The Malazan Book of the Fallen, Book 3)",Steven Erikson,TRUE,TRUE,
"Meno, Parmenides, and Theaetetus (Barnes &amp; Noble Library of Essential Reading)",Plato,,,
Mere Christianity,C. S. Lewis,,,
Merriam Webster's Collegiate Thesaurus,Merriam Webster,TRUE,,
Merriam-Webster's Collegiate Dictionary (Laminated Cover),Merriam-Webster,TRUE,,
Metamorphoses (Penguin Classics),Ovid,,,
Metaphysics of Power,Julius Evola,,,
Metroid Prime Trilogy,Prima Games Staff,TRUE,,
Michael Vey: The Prisoner of Cell 25,Richard Paul Evans,,,
Midnight Tides - A Tale of the Malazan Book of the Fallen,Steven Erikson,TRUE,TRUE,
Miracles,C. S. Lewis,,,
"Mistborn : Final Empire Series (Book #1) (Mistborn, Book 1)",Brandon Sanderson,TRUE,TRUE,
"Mistborn Trilogy Boxed Set (Mistborn, The Hero of Ages, & The Well of Ascension)",Brandon Sanderson,TRUE,TRUE,
Moby-Dick (Everyman's Library),Herman Melville,,,
Modern Man in Search of a Soul,C.G. Jung,,,
Mona Lisa Overdrive,William Gibson,,,
Money (Eyewitness Books),Joe Cribb,,,
Mossflower (Prequel to Redwall),Brian Jacques,,,
Mummy (Eyewitness Books),James Putnam,,,
MUTTS,Patrick McDonnell,,,
Mythology: The Complete Guide to Our Imagined Worlds,Christopher Dell,,,
Mythology: Timeless Tales of Gods and Heroes,Edith Hamilton,,,
Myths &amp; Legends: An illustrated guide to their origins and meanings,Philip Wilkinson,,,
Myths of the Norsemen (Barnes &amp; Noble Library of Essential Reading): From the Eddas and Sagas,Helene A. Guerber,,,
"Naked Empire (Sword of Truth, Book 8)",Terry Goodkind,,,
Napoleon's Art of War (Barnes &amp; Noble Library of Essential Reading),Napoleon Bonaparte,,,
National Geographic Collegiate Atlas of the World,National Geographic Society,TRUE,,
Naval Battles and Heroes,Wilbur Cross,TRUE,,
"Necropolis (Warhammer 40,000 Novels)",Dan Abnett,TRUE,TRUE,
Neuromancer,William Gibson,TRUE,TRUE,
New Spring: The Novel (Wheel of Time),Robert Jordan,TRUE,TRUE,
Newton's Philosophy of Nature: Selections from His Writings,Sir Isaac Newton,,,
Ni No Kuni: Wrath of the White Witch: Prima Official Game Guide,Howard Grossman,TRUE,,
Nicomachean Ethics (Dover Thrift Editions),Aristotle,,,
Nineteen Eighty-Four,George Orwell,TRUE,TRUE,
Nineteen Eighty-Four (Everyman's Library Classics),George Orwell,TRUE,TRUE,
Nintendo Power: Perfect Dark: Official Player's Guide,Nintendo,TRUE,,
No Treason the Constitution of No Authority,Lysander Spooner,,,
Nova (Starcraft Ghost),"Blizzard Entertainment, Keith R. A. DeCandido",,,
NRA: An American Legend,Jeffrey L. Rodengen,,,
Octopath Traveler: the Complete Guide,Square Enix,TRUE,,
Official Donkey Kong Country 3 Dixie Kong's Double Trouble Nintendo Player's Guide,Nintendo,TRUE,,
Official Final Fantasy VII Strategy Guide,David Cassady,TRUE,,
Official Nintendo Advance Wars: Dual Strike Player's Guide,Nintendo Power,TRUE,,
Official Nintendo Final Fantasy I &amp; II: Dawn of Souls Player's Guide,Nintendo Power,TRUE,,
Official Nintendo Final Fantasy IV Advance Player's Guide,Nintendo Power,TRUE,,
Official Nintendo Fire Emblem: Path of Radiance Player's Guide,Nintendo Power,TRUE,,
Official Nintendo Fire Emblem: The Sacred Stones Player's Guide,Nintendo Power,TRUE,,
Official Nintendo Metroid Prime 2: Echoes Player's Guide,Nintendo Power,TRUE,,
Official Nintendo Paper Mario: The Thousand-Year Door Player's Guide,Nintendo Power,TRUE,,
Official Nintendo Power FINAL FANTASY V ADVANCE Player's Guide,Nintendo Power,TRUE,,
Official Nintendo Power Pokemon Gold Version and Silver Version Player's Guide,Nintendo of America,TRUE,,
Official Nintendo Power Pokemon Trading Card Game Player's Guide,Nintendo of America Staff,TRUE,,
Official Nintendo Star Wars Rogue Leader Rogue Squadron II Player's Guide,Nintendo,TRUE,,
Official Pokemon Special Pikachu Edition includes Red-Yellow-Blue Perfect Guide,Nintendo,TRUE,,
Ogre Battle 64: Person of Lordly Caliber - Prima's Official Strategy Guide,Steve Honeywell,TRUE,,
Ogre Battle: March of the Black Queen Guide (Japanese),Unknown,TRUE,,
Ogre Battle: Official Secrets and Solutions Strategy Guide,Pcs,TRUE,,
"Old World Civilizations: The Rise of Cities and States (Illustrated History of Humankind, Vol. 3)",Goran Burenhult,,,
On Liberty (Barnes &amp; Noble Library of Essential Reading),John Stuart Mill,TRUE,TRUE,
On Liberty (Dover Thrift Editions),John Stuart Mill,TRUE,TRUE,
On Resistance to Evil by Force,"Ivan Ilyin, K. Benois (Translated with commentary by)",,,
"On Roman Military Matters; A 5th Century Training Manual in Organization, Weapons and Tactics, as Practiced by the Roman Legions",Vegetius,,,
On Sparta (Penguin Classics),Plutarch,,,
On the Cosmic Mystery of Jesus Christ,St. Maximus the Confessor,,,
On the Genealogy of Morals,Friedrich Nietzsche,,,
On War (Barnes &amp; Noble Library of Essential Reading),Carl Von Clausewitz,TRUE,TRUE,
On War (Everyman's Library Classics &amp; Contemporary Classics),Carl von Clausewitz,TRUE,TRUE,
On Writing: 10th Anniversary Edition: A Memoir of the Craft,Stephen King,TRUE,TRUE,
Only in Death (Gaunt's Ghosts Novels),Dan Abnett,,,
Operating Systems Principles,"Lubomir F. Bic, Alan C. Shaw",TRUE,TRUE,
Orthodoxy and the Religion of the Future,Seraphim Rose,,,
Our Documents: 100 Milestone Documents from the National Archives,The National Archives,,,
Our Nation's Archive: The History of the United States in Documents,"Jay Crosby, Erik Bruun",,,
"Out of Many, Teaching and Learning Classroom Edition","John M. Faragher, Mari Jo Buhle, Daniel Czitrom, Susan Armitage",,,
Paper Mario: Prima's Official Strategy Guide,Elizabeth Hollinger,TRUE,,
Paradise Lost (Barnes &amp; Noble Classics),John Milton,TRUE,TRUE,
Passage Prize Vol. 1: Exit from the Longhouse,Various Authors,TRUE,TRUE,
Passage Prize Volume II: Rewilding,Various Authors,,,
Pathfinder Core Rulebook,"Paizo Inc. (Produced by), Logan Bonner, Jason Bulmahn, Stephen Radney-MacFarland, Mark Seifter",TRUE,,
Peanuts Treasury,Charles M. Schulz,TRUE,,
"People of the Stone Age: Hunter-Gatherers and Early Farmers (Illustrated History of Humankind, Vol. 2)",Goran Burenhult,,,
"Phantom: Chainfire Trilogy, Part 2 (Sword of Truth, Book 10)",Terry Goodkind,,,
Philip K. Dick: Five Novels of the 1960s &amp; 70s,Philip K. Dick,,,
Philip K. Dick: Four Novels of The 1960s / The Man in the High Castle / The Three Stigmata of Palmer Eldritch / Do Androids Dream of Electric Sheep? / Ubik (Library of America No. 173),Philip K. Dick,,,
Philip K. Dick: VALIS and Later Novels: A Maze of Death / VALIS / The Divine Invasion / The Transmigration of Timothy Archer (Library of America No. 193),Philip K. Dick,,,
Philosophical Dictionary Library of Essential Reading Series,Voltaire,,,
"Physics for Scientists and Engineers, Volume 1, Chapters 1-22","Raymond A. Serway, John W. Jewett",TRUE,TRUE,
"Physics for Scientists and Engineers, Volume 2, Chapters 23-46 (with PhysicsNow and InfoTrac )","Raymond A. Serway, John W. Jewett",TRUE,TRUE,
Pirate (Eyewitness Books),Richard Platt,,,
Player's Handbook (Dungeons &amp; Dragons),Wizards RPG Team,TRUE,,
Playing The Harmonica,Dave Oliver,,,
Plot &amp; Structure: (Techniques And Exercises For Crafting A Plot That Grips Readers From Start To Finish) (Write Great Fiction),James Scott Bell,,,
Plutarch's Lives Volume One (Barnes &amp; Noble Library of Essential Reading),Plutarch,,,
Plutarch's Lives Volume Two (Barnes &amp; Noble Library of Essential Reading),Plutarch,,,
Poetics and Rhetoric (Barnes &amp; Noble Classics),Aristotle,,,
Pokemon,Jason R. Rich,TRUE,,
Pokemon Gold &amp; Silver W/Poster for Toys: Prima's Official Strategy Guide,Prima,TRUE,,
Pokemon Official Nintendo Player's Guide,Nintendo,TRUE,,
Pokemon Stadium 2: The Official Nintendo Player's Guide,Nintendo of America,TRUE,,
"Pokemon Stadium Official Player's Guide [Paperback] by Swan, Leslie (ed)",Nintendo,TRUE,,
Pokemon Trainer's Guide: Everything Pokemon,"Brian Brokaw, J. Douglas Arnold, Mark Elies, Mark MacDonald",TRUE,,
Pokemon: Prima's Official Strategy Guide,Elizabeth Hollinger,TRUE,,
"Pokemon: Special Edition for Yellow, Red and Blue: Official Nintendo Player's Guide",Nintendo,TRUE,,
Politics (Barnes &amp; Noble Library of Essential Reading),Aristotle,,,
Power Under Pressure (The Society of Steam),Andrew P. Mayer,,,
PRAGMATISM: A New Name For Some Old Ways Of Thinking,William James,,,
Precalculus: Mathematics for Calculus,"James Stewart, Lothar Redlin, Saleem Watson",TRUE,TRUE,
Prima's Unauthorized Game Secrets for Yoshi's Story,"Elizabeth Hollinger, James Ratkos",TRUE,,
Principles of a Successful Entrepreneur,Sheldon Razin,,,
Principles of Philosophy,Rene Descartes,,,
Pro CSS Techniques (Expert's Voice),"Dan Rubin, Ian Lloyd, Jeffrey Croft",,,
"Programming Language Pragmatics, Third Edition",Michael L. Scott,,,
Promise of Blood (The Powder Mage Trilogy),Brian McClellan,TRUE,TRUE,
Propaganda,Edward Bernays,,,
Quest 64,"Elizabeth M. Hollinger, James Ratkos",TRUE,,
Quotations of Abraham Lincoln,Abraham Lincoln,,,
"Quotations of Benjamin Franklin, Vol. 1",Benjamin Franklin,,,
Quotations of George Washington (Great American Quote Books),George Washington,,,
Quotations of Thomas Jefferson (Great American Quote Books),Thomas Jefferson,,,
Random House Roget's Thesaurus: Second Edition,Random House,TRUE,,
Rapunzel and the Evil Witch,"Jonathan Pageau, Heather Pollington (Illustrator)",,,
Ravenor: The Omnibus,Dan Abnett,,,
Ready Player One: A Novel,Ernest Cline,TRUE,TRUE,
Reaper's Gale: Book Seven of The Malazan Book of the Fallen,Steven Erikson,TRUE,TRUE,
Red Country,Joe Abercrombie,TRUE,TRUE,
Red Seas Under Red Skies,Scott Lynch,TRUE,TRUE,
Redwall,Brian Jacques,TRUE,TRUE,
"Regular Expression Pocket Reference: Regular Expressions for Perl, Ruby, PHP, Python, C, Java and .NET (Pocket Reference (O'Reilly))",Tony Stubblebine,,,
Relativity (Barnes &amp; Noble Library of Essential Reading): The Special and the General Theory,Albert Einstein,,,
Remote Viewing Secrets: A Handbook,Joseph McMoneagle,,,
Republic (Barnes &amp; Noble Classics),Plato,,,
"Resurrection (Forgotten Realms:  R.A. Salvatore's War of the Spider Queen, Book 6)",Paul S. Kemp,,,
Revision And Self-Editing (Write Great Fiction),James Scott Bell,,,
Revolt Against the Modern World,Julius Evola,,,
Revolutionary Deists: Early America's Rational Infidels,Kerry Walters,,,
Rhetoric (Dover Thrift Editions),Aristotle,,,
Rights of Man (Barnes &amp; Noble Library of Essential Reading),Thomas Paine,,,
"Road of the Patriarch (Forgotten Realms: The Sellswords, Book 3)",R.A. Salvatore,,,
Roald Dahl Collection,Roald Dahl,,,
Robert E. Howard: The Masterworks,Robert E. Howard,,,
"Robert's Rules of Order Newly Revised, 11th edition","Henry M. III Robert, Daniel H. Honemann, Thomas J. Balch",TRUE,,
Rocks &amp; Minerals (Eyewitness Books),Dorling Kindersley Ltd,,,
Rocks &amp; Minerals (Eyewitness Handbooks),Chris Pellant,,,
"Romance of the Three Kingdoms, Vol. 1","Lo Kuan-Chung, Robert E. Hegel, C. H. Brewitt-Taylor",,,
"Romance of the Three Kingdoms, Vol. 2","Lo Kuan-Chung, Robert E. Hegel, C. H. Brewitt-Taylor",,,
Romancing Saga,BradyGames Staff (Created by),TRUE,,
Royal Panoply:Brief Lives of the English Monarchs,Carolly Erickson,TRUE,,
"Rules for Writers, 5th Edition",Diana Hacker,,,
"Sabbat Martyr (Warhammer 40,000 Novels)",Dan Abnett,,,
Sabriel (The Abhorsen Trilogy),Garth Nix,TRUE,TRUE,
Salamandastron: A Novel of Redwall,Brian Jacques,,,
"Sams Teach Yourself PHP, MySQL and Apache All in One (4th Edition)",Julie C. Meloni,,,
Samurai: The Code of the Warrior,"Thomas Louis, Tommy Ito",,,
Schaum's Outline of Logic,"John Nolt, Dennis Rohatyn, Achille Varzi",TRUE,TRUE,
"Science, 2nd Edition","Robert Dinwiddie, Giles Sparrow, Marcus Weeks, Carole Stott, Jack Challoner, David Hughes, David Burnie, Derek Harvey",,,
"Sciencia: Mathematics, Physics, Chemistry, Biology, and Astronomy for All (Wooden Books)","Burkard Polster, Gerard Cheshire, Matt Tweed, Matthew Watkins, Moff Betts",,,
Scott Pilgrims Precious Little Boxset,Bryan Lee O'Malley,,,
Secret of Mana Official Game Secrets (Secrets of the Games Series),Rusel Demaria,TRUE,,
Selected Writings,Benjamin Franklin,,,
Servant of a Dark God (Tor Fantasy),John D. Brown,,,
Shadow &amp; Claw: The First Half of 'The Book of the New Sun',Gene Wolfe,,,
Shadowrun First Edition Reprint,Catalyst Game Labs (Produced by),,,
Shadows Beneath,"Brandon Sanderson, Mary Robinette Kowal, Dan Wells, Howard Tayler",,,
Shadows of Self: A Mistborn Novel,Brandon Sanderson,TRUE,TRUE,
Sharp Ends,Joe Abercrombie,TRUE,TRUE,
Siegfried &amp; the Twilight of the Gods - Illustrated by Arthur Rackham,Richard Wagner,,,
Signs and Symbols,DK Publishing,,,
"SimCity 2000: Power, Politics, and Planning: Revised Edition (Secrets of the Games)","Nick Dargahi, Michael Bremer",TRUE,,
Sir Gawain and the Green Knight; Pearl; [and] Sir Orfeo,J R R Tolkien,,,
Skin in the Game,Nassim Nicholas Taleb,,,
Sleep No More: Six Murderous Tales,P. D. James,,,
Smithsonian Timelines of the Ancient World,Chris Scarre,,,
Snow Crash (Bantam Spectra Book),Neal Stephenson,TRUE,TRUE,
Software Engineering: Principles and Practice,Hans van Vliet,TRUE,TRUE,
"Soldiers and Uniforms of the American Army, 1775-1954 (Dover Military History, Weapons, Armor)",Frederick P. Todd,,,
"Soul of the Fire (Sword of Truth, Book 5)",Terry Goodkind,,,
SOULCALIBUR IV Signature Series Fighter's Guide (Bradygames Signature Guides),BradyGames,TRUE,,
Space Facts (Travel Guide),Carole Stott,,,
Space Marines Codex,Pete Haines,TRUE,,
Spider-Man The Lizard Sanction (Marvel Comics),Diane Duane,TRUE,,
Sports Illustrated 50 Years: The Anniversary Book,Editors of Sports Illustrated,,,
SQL Pocket Guide,Jonathan Gennick,,,
St. Ephrem the Syrian: Hymns On Paradise,St. Ephrem,,,
Star Fox 64 Nintendo Power Guide,Nintendo,TRUE,,
Star Wars Knights of the Old Republic II: The Sith Lords (Prima Official Game Guide),David Hodgson,TRUE,,
Star Wars Year by Year: A Visual Chronicle,"Ryder Windham, Daniel Wallace, Pablo Hidalgo",,,
Star Wars: Scum and Villainy: Case Files on the Galaxy's Most Notorious,Pablo Hidalgo,,,
Star Wars: The Essential Guide to Weapons and Technology,"Bill Smith, David Nakabayashi, Troy Vigil",,,
Star Wars: The Jedi Path and Book of Sith Deluxe Box Set,Daniel Wallace,,,
Starcraft : Prima's Official Strategy Guide,Bart Farkas,TRUE,,
Starcraft Expansion Set: Brood War (Prima's Official Strategy Guide),Bart Farkas,TRUE,,
StarCraft Field Manual,Rick Barba,,,
StarCraft II: Heaven's Devils,William C. Dietz,,,
Starship Troopers,Robert A. Heinlein,TRUE,TRUE,
Steelheart,Brandon Sanderson,TRUE,TRUE,
Stone of Tears (The Sword of Truth #2),Terry Goodkind,,,
"Storm of Iron (Warhammer 40,000)",Graham McNeill,TRUE,TRUE,
Stormdancer: The Lotus War Book One,Jay Kristoff,TRUE,TRUE,
Straight Silver,Dan Abnett,,,
Stranger in a Strange Land,Robert A. Heinlein,,,
Strenuous Life (Little Books of Wisdom),Theodore Roosevelt,,,
Structured Computer Organization (5th Edition),Andrew S. Tanenbaum,,,
Super Mario 64 Nintendo Player's Guide,Nintendo,TRUE,,
Super Mario All-Stars Nintendo Player's Guide,Nintendo,TRUE,,
Super Mario Encyclopedia: The Official Guide to the First 30 Years,Nintendo,TRUE,,
Super Mario Galaxy Collector's Edition: Prima Official Game Guide (Prima Official Game Guides),Fletcher Black,TRUE,,
Super Mario RPG: Legend of The Seven Stars Nintendo Player's Strategy Guide,M Arakawa,TRUE,,
Super Mario Sunshine: Prima's Official Strategy Guide,Bryan Stratton,TRUE,,
Super NES Nintendo Player's Guide,Nintendo,TRUE,,
Swamp Fox: General Francis Marion and his Guerrilla Fighters of the American Revolutionary War,William Dobein James,,,
Sword &amp; Citadel: The Second Half of 'The Book of the New Sun',Gene Wolfe,,,
Sword of Destiny,Andrzej Sapkowski,,,
Symbols of Transformation (Collected Works of C.G. Jung Vol.5),C. G. Jung,,,
Symposium and Phaedrus (Dover Thrift Editions),Plato,,,
"Synchronicity: An Acausal Connecting Principle. (From Vol. 8. of the Collected Works of C. G. Jung) (Bollingen Series XX: the Collected Works of C. G. Jung, Volume 8)",C. G. Jung,,,
Tactics Ogre,"Square Enix Ltd. Staff, BradyGames Staff",TRUE,,
Tactics Ogre,"Ian Osborn, PCS Staff",TRUE,,
Tales From The Empire: Stories From Star Wars Adventure Journal (Star Wars.),Peter Schweighofer,,,
Tao Te Ching,"Dwight Goddard (Translator), Sam Torode (General Editor), Lao Tzu",TRUE,TRUE,
Teach Yourself VISUALLY Web Design (Teach Yourself VISUALLY (Tech)),Rob Huddleston,,,
"Temple of the Winds (Sword of Truth, Book 4)",Terry Goodkind,,,
Ten Universal Principles: A Brief Philosophy of the Life Issues,Robert J. Spitzer,,,
Tesla: Man Out of Time,Margaret Cheney,,,
The Abhorsen Trilogy Box Set,Garth Nix,TRUE,TRUE,
The Abolition of Man,C. S. Lewis,,,
The Adventures of Tom Sawyer (Bantam Classics),Mark Twain,,,
The Aeneid (Penguin Classics),Virgil,,,
The Age of Reason,Thomas Paine,,,
The Alloy of Law: A Mistborn Novel,Brandon Sanderson,TRUE,TRUE,
"The Almanac of American Politics, 2004","Michael Barone, Richard E. Cohen",TRUE,,
The Alphabetic Labyrinth: The Letters in History and Imagination,Johanna Drucker,,,
"The Amber Spyglass (His Dark Materials, Book 3)",Philip Pullman,TRUE,TRUE,
The American Crisis,Thomas Paine,,,
The American Crisis,Thomas Paine,,,
The American Heritage Dictionary of Idioms,Christine Ammer,,,
The Anarchist Handbook,Michael Malice,,,
The Ancient City - Imperium Press,"Numa Denis Fustel De Coulanges, Dennis Bouvard (Foreword by)",,,
The Annals of Imperial Rome,Tacitus,,,
The Arabian Nights,Richard Francis Burton,,,
The Armour of Contempt (Gaunt's Ghosts Novels),Dan Abnett,,,
The Art of Avatar: James Cameron's Epic Adventure,Lisa Fitzpatrick,,,
The Art of Blizzard Entertainment,"Nick Carpenter, Samwise Didier, Chris Metzen",,,
The Art of Bravely Default,"Square Enix (Created by), Yoshida Akihiko (Illustrator)",,,
The Art of BRAVELY SECOND,"Square Enix, Tomoya Asano, Akihiko Yoshida (Illustrator), Kosuke Kawamura (Illustrator), Kimitoshi Tsumura (Illustrator)",,,
The Art of Final Fantasy IX,Dan Birlew,,,
The Art of Octopath Traveler: 2016-2020,"Square Enix, Naoki NAOKI (Illustrator)",,,
The Art Of War,"Niccolò Machiavelli, Ellis Farneworth",,,
The Art of War,Baron Antoine-Henri De Jomini,,,
The Art of War (History &amp; Warfare),Sun Tzu,TRUE,TRUE,
The Art of War: Includes Ebook,Sun-Tzu;Sunzi,TRUE,TRUE,
The Art of War: Sun Zi's Military Methods (Translations from the Asian Classics),Sun Zi,TRUE,TRUE,
The Art of War: The Denma Translation (Shambhala Library),Sun Tzu,TRUE,TRUE,
The Art of Worldly Wisdom (Barnes &amp; Noble Library of Essential Reading),Baltasar Gracian,,,
The Autumn Republic (The Powder Mage Trilogy),Brian McClellan,TRUE,TRUE,
The Bacchae and Other Plays (Penguin Classics),Euripides,,,
The Bands of Mourning: A Mistborn Novel,Brandon Sanderson,TRUE,TRUE,
The Bed of Procrustes: Philosophical and Practical Aphorisms (Incerto),Nassim Nicholas Taleb,,,
The BFG,Roald Dahl,,,
The Black Swan: The Impact of the Highly Improbable,Nassim Nicholas Taleb,,,
The Blade Itself (The First Law: Book One),Joe Abercrombie,TRUE,TRUE,
The Boer War 1899-1902 (Essential Histories),Gregory Fremont-Barnes,,,
The Bondage of the Will,Martin Luther,,,
The Bonehunters: Book Six of The Malazan Book of the Fallen,Steven Erikson,TRUE,TRUE,
The Book of Five Rings,Miyamoto Musashi,TRUE,TRUE,
The Book of the Dead,E. A. Wallis Budge,,,
The Books of the South: Tales of the Black Company (Chronicles of the Black Company),Glen Cook,TRUE,TRUE,
The C++ Programming Language: Special Edition (3rd Edition),Bjarne Stroustrup,TRUE,,
"The C. S. Lewis Signature Classics (8-Volume Box Set): An Anthology of 8 C. S. Lewis Titles: Mere Christianity, The Screwtape Letters, Miracles, The ... The Abolition of Man, and The Four Loves",C. S. Lewis,,,
The Call of the Wild and White Fang,Jack London,,,
"The Cave and the Light: Plato Versus Aristotle, and the Struggle for the Soul of Western Civilization",Arthur Herman,,,
The celestial hierarchy: (De Coelesti Hierarchia),Pseudo-Dionysius the Areopagite,,,
"The Chicago Manual of Style, 17th Edition",The University of Chicago Press Editorial Staff,,,
The Children of Hurin,J.R.R. Tolkien,,,
The Children of Odin (Barnes &amp; Noble Library of Essential Reading): Nordic Gods and Heroes,Padraic Colum,,,
The Cleric Quintet Collector's Edition [Forgotten Realms],"R.A. Salvatore, R. A. Salvatore",,,
"The Collected Works of C. G. Jung, Vol. 9, Part 1: The Archetypes and the Collective Unconscious (Bollingen Series, No. 20)","Carl Gustav Jung, William McGuire",,,
The Coming Insurrection (Semiotext(e) / Intervention Series),The Invisible Committee,,,
The Common Law (Barnes &amp; Noble Library of Essential Reading),Oliver Holmes  Jr.,,,
The Communist Manifesto (Penguin Classics),"Karl Marx, Friedrich Engels",TRUE,TRUE,
The Complete Adventures of Tintin (The Adventures of Tintin - Compact Editions),Herge,,,
"The Complete Idiot's Guide to Creative Writing, 2nd Edition",Laurie E. Rozakis,,,
"The Complete Idiot's Guide to Geography, Second Edition","Joseph Gonzales, Thomas E. Sherer Jr.",,,
The Complete Life and Times of Scrooge McDuck Deluxe Edition,Don Rosa,,,
The Complete Sherlock Holmes [Leatherbound],Arthur Conan Doyle,,,
The Complete Works of Lewis Carroll,Lewis Carroll,,,
The Complete Works of William Shakespeare (Barnes &amp; Noble Leather Classic),William Shakespeare,,,
The Conquest of Gaul (Barnes &amp; Noble Library of Essential Reading),Julius Caesar,,,
The Consolation of Philosophy Library of Essential Reading Series,Boethius,,,
The Crimson Campaign (The Powder Mage Trilogy),Brian McClellan,TRUE,TRUE,
The Crippled God: Book Ten of The Malazan Book of the Fallen,Steven Erikson,TRUE,TRUE,
The Dark Forest (Remembrance of Earth's Past),Cixin Liu,,,
The Death Company,Cristoforo Baseggio,,,
The Decline and Fall of the Roman Empire (Volumes 4-6),"Edward Gibbon, Hugh Trevor-Roper",,,
The Decline and Fall of the Roman Empire: Volumes 1-3 of 6 (Everyman's Library),Edward Gibbon,,,
"The DevOps Handbook: How to Create World-Class Agility, Reliability, and Security in Technology Organizations","Gene Kim, Patrick Debois, John Willis, Jez Humble",,,
The Divine Comedy,"Dante Alighieri, Henry Francis Cary (Translator), Gustave Doré (Illustrator)",,,
"The Dragon Reborn (The Wheel of Time, Book 3)",Robert Jordan,TRUE,TRUE,
The Dream Prison,Natasha Rayne,,,
The Drillmaster of Valley Forge: The Baron de Steuben and the Making of the American Army,Paul Lockhart,,,
The Elements of Style,William Strunk,,,
The Emperor's Soul,Brandon Sanderson,TRUE,TRUE,
The Empire,Graham McNeill,,,
The End of Reason: A Response to the New Atheists,Ravi Zacharias,,,
The Epic of Gilgamesh (Penguin Classics),Anonymous,,,
The Essential Guide to Alien Species (Star Wars),"Ann Margaret Lewis, R. K. Post",TRUE,,
The Essential Guide to Vehicles and Vessels (Star Wars),"Bill Smith, Doug Chiang, Troy Vigil",TRUE,,
The Essential Marcus Aurelius (Tarcher Cornerstone Editions),"Jacob Needleman, John Piazza",,,
"The Eye of the World (The Wheel of Time, Book 1)",Robert Jordan,TRUE,TRUE,
The Federalist or the New Constitution,"Alexander, et al. HAMILTON",,,
The Fellowship of the Ring,J.R.R. Tolkien,TRUE,,
"The Fires of Heaven (The Wheel of Time, Book 5)",Robert Jordan,,,
"The First Humans: Human Origins and History to 10,000 B.C. (Illustrated History of Humankind, Vol. 1)","Goran Burenhult, American Museum of Natural History",,,
The Forgotten Founding Father: Noah Webster's Obsession and the Creation of an American Culture,Joshua Kendall,,,
The Foundation Trilogy (Barnes &amp; Noble Exclusive Edition),Isaac Asimov,,,
The Fountainhead (60th Anniversary Edition),Ayn Rand,TRUE,TRUE,
The Four Loves,C. S. Lewis,,,
"The Fourth Way: An Arrangement by Subject of Verbatim Extracts from the Records of Ouspensky's Meetings in London and New York, 1921-46",P. D. Ouspensky,,,
The French Foreign Legion,Douglas Porch,,,
The Gathering Storm (Wheel of Time (Tor Paperback)),"Robert Jordan, Brandon Sanderson",,,
The Giraffe and the Pelly and Me,Roald Dahl,,,
The Golden Legend: Readings on the Saints,Jacobus de Voragine,,,
The Granstream Saga (Prima's Official Strategy Guide),"Christine Cain, Christine Caine",TRUE,,
The Great Divorce,C. S. Lewis,,,
"The Great Hunt (The Wheel of Time, Book 2)",Robert Jordan,TRUE,TRUE,
The Great Mother,Erich Neumann,,,
The Guinness Book of World Records 1997,Norris McWhirter,,,
The Gulag Archipelago Abridged: An Experiment in Literary Investigation (P.S.),Aleksandr Solzhenitsyn,,,
"The Guns of Tanith (Warhammer 40,000 Novels)",Dan Abnett,,,
The Heritage of Shannara,Terry Brooks,,,
The Hero of Ages: Book Three of Mistborn,Brandon Sanderson,TRUE,TRUE,
The Hero with a Thousand Faces (The Collected Works of Joseph Campbell),Joseph Campbell,,,
The Heroes,Joe Abercrombie,TRUE,TRUE,
"The History of Science and Technology: A Browser's Guide to the Great Discoveries, Inventions, and the People Who Made Them from the Dawn of Time to Today","Bryan H. Bunch, Alexander Hellemans",,,
The Hobbit,J.R.R. Tolkien,,,
The Hobbit,J.R.R. Tolkien,,,
The Hobbit: An Unexpected Journey Chronicles II: Creatures and Characters,Weta,,,
The Hobbit: An Unexpected Journey Chronicles: Art &amp; Design,Weta,,,
The Holy Bible : 1611 Edition - King James Version,Thomas Nelson,TRUE,TRUE,
The Holy Roman Empire,James Bryce,,,
The Homeric Hymns,"Apostolos N. Athanassakis, Erwin Cook",,,
The House of Mirth (Dover Thrift Editions),Edith Wharton,,,
The Hunger Games Trilogy Boxed Set,Suzanne Collins,,,
The Hunter's Blades Trilogy Gift Set,R.A. Salvatore,,,
The I Ching or Book of Changes,"Richard Wilhelm, Cary F. Baynes, et al.",,,
The Idea of Decline in Western History,Arthur Herman,,,
The Iliad &amp; the Odyssey,Homer,TRUE,TRUE,
The Iliad and The Odyssey,Homer,TRUE,TRUE,
The Illustrated A Brief History of Time &amp; The Universe in a Nutshell,Stephen Hawking,,,
The Illustrated Encyclopedia of the Prehistoric World,Douglas Palmer,,,
The Illustrated Encyclopedia of Weapons of World War II,Chris Bishop,,,
The Illustrated Sherlock Holmes Treasury,Arthur Conan Doyle,,,
The Illustrated Signs &amp; Symbols Sourcebook,Adele Nozedar,,,
The Infernal Bestiary,"Matthieu Hackière (Illustrator), Justine Ternel",,,
"The Inventions, Researches and Writings of Nikola Tesla",Nikola Tesla,,,
"The Journals of Lewis and Clark, 1804-1806",Meriwether Lewis,,,
"The Journey to the West, Revised Edition, Volume 1",Anthony C. Yu,,,
"The Journey to the West, Revised Edition, Volume 2",Anthony C. Yu,,,
"The Journey to the West, Revised Edition, Volume 3",Anthony C. Yu,,,
"The Journey to the West, Revised Edition, Volume 4",Anthony C. Yu,,,
The Keys to Prolific Creativity,David V. Stewart,TRUE,TRUE,
The Kingdom of God Is Within You: Christianity not as a mystic religion but as a new theory of life,Leo Tolstoy,,,
"The Kingless Land (Band of Four, Vol. 1)",Ed Greenwood,,,
The Knights Templar,Stephen Howarth,,,
The Landmark Thucydides: A Comprehensive Guide to the Peloponnesian War,Thucydides,,,
The Lands of Ice and Fire (A Game of Thrones),George R.R. Martin,TRUE,,
The Language of Creation: Cosmic Symbolism in Genesis: A Commentary,Matthieu Pageau,,,
The Language of God: A Scientist Presents Evidence for Belief,Francis S. Collins,,,
The Languages of Tolkien's Middle-Earth,Ruth S. Noel,,,
The Last of the Mohicans,James Fenimore Cooper,,,
The Last Wish: Witcher 1 - Now a Major Netflix series,Andrzej Sapkowski,,,
The Law,Frederic Bastiat,,,
The Legend of Sigurd and Gudrun,J.R.R. Tolkien,,,
The Legend of Zelda - A Link to the Past (Prima's Official Strategy Guide),Bryan Stratton,TRUE,,
The Legend of Zelda - Twilight Princess (GameCube Version) (Prima Authorized Game Guide),"David Hodgson, Stephen Stratton",TRUE,,
The Legend of Zelda and Philosophy: I Link Therefore I Am (Popular Culture and Philosophy),"Luke Cuddy, Popular Culture and Philosophy",TRUE,,
The Legend of Zelda Encyclopedia,Shigeru Miyamoto,TRUE,,
The Legend of Zelda Ocarina of Time Official Nintendo Player's Guide,Nintendo,TRUE,,
The Legend of Zelda: Art &amp; Artifacts,Shigeru Miyamoto,TRUE,,
The Legend of Zelda: Hyrule Historia,"Shigeru Miyamoto, Eiji Aonuma, Akira Himekawa",TRUE,,
The Legend of Zelda: Majora's Mask--Official Nintendo Player's Guide,M Arakawa,TRUE,,
The Legend of Zelda: Ocarina of Time: Prima's Official Strategy Guide,"Elizabeth M. Hollinger, James M. Ratkos, Don Tica",TRUE,,
The Legend of Zelda: Spirit Tracks Collector's Edition: Prima Official Game Guide,Stephen Stratton,TRUE,,
The Legend of Zelda: The Wind Waker Player's Guide,Nintendo of America,TRUE,,
The Lies of Locke Lamora,Scott Lynch,TRUE,,
"The Lone Drow: The Hunter's Blades Trilogy, Book II",R.A. Salvatore,TRUE,TRUE,
"The Long Patrol (Redwall, Book 10)",Brian Jacques,,,
The Lord of the Rings (Collector's Edition in Slipcase),"J.R.R, TOLKIEN",TRUE,,
The Lord of the Rings Online: Shadows of Angmar (Prima Official Game Guide),Mike Searle,TRUE,,
"The Lost (Warhammer 40,000 Novels)",Dan Abnett,TRUE,TRUE,
The Lost Civilization of Lemuria: The Rise and Fall of the World's Oldest Culture,Frank Joseph,,,
The Lost Metal,Brandon Sanderson,,,
"The Machiavellians: Defenders of FreedomPaperback – December 15, 2020",James Burnham,TRUE,TRUE,
The Magic Finger,Roald Dahl,,,
The Mammoth Book of IQ Puzzles,Nathan Haselbauer (Compiled by),,,
The Many Deaths of the Black Company (Chronicle of the Black Company),Glen Cook,TRUE,TRUE,
The Master and His Emissary: The Divided Brain and the Making of the Western World,Iain McGilchrist,,,
The Merriam-Webster Dictionary of Synonyms and Antonyms,Merriam Webster,,,
The Metaphysical Club: A Story of Ideas in America,Louis Menand,,,
The Midnight Ride of Paul Revere,Henry Wadsworth Longfellow,,,
The Myth of Sisyphus (Vintage International),Albert Camus,,,
The Mythical Creatures Bible: The Definitive Guide to Legendary Beings,Brenda Rosen,,,
The Name Of The Wind,Patrick Rothfuss,TRUE,TRUE,
"The Name of the Wind (Kingkiller Chronicles, Day 1)",Patrick Rothfuss,TRUE,TRUE,
The New York Times Complete World War 2: All the Coverage from the Battlefields and the Home Front,The New York Times,,,
The Night of the Long Knives: Forty-Eight Hours That Changed the History of the World,Paul R. Maracin,,,
"The Novels of Charles Dickens: Great Expectations, A Christmas Carol, and A Tale of Two Cities",Charles Dickens,,,
The Origin of Species (Barnes &amp; Noble Classics Series),Charles Darwin,,,
The Origins and History of Consciousness (Princeton Classics),Erich Neumann,,,
The Outline of History Volume 2: The Roman Empire to the Great War,H. G. Wells,,,
"The Outline of History, Volume 1",H. G. Wells,,,
The Oxford Reverse Dictionary,Oxford University Press,TRUE,,
"The Path of Daggers (The Wheel of Time, Book 8)",Robert Jordan,,,
The Pencil Box: A Treasury of Time-Tested Drawing Techniques and Advice,Editors Of Artists Magazine And North Light Books,,,
The Penguin Dictionary of Literary Terms and Literary Theory (Penguin Dictionary),"J. A. Cuddon, C. E. Preston",,,
"The Penguin German Phrasebook: Fourth Edition (Phrase Book, Penguin)","Jill Norman, Ute Hitchin, Renata Henkes",,,
The Philip K. Dick Collection,Philip K. Dick,,,
"The Phoenix Project: A Novel about IT, DevOps, and Helping Your Business Win","Gene Kim, Kevin Behr, George Spafford",TRUE,TRUE,
The Picture of Dorian Gray (Barnes &amp; Noble Classics Series),Oscar Wilde,,,
The Pillars of Creation,Terry Goodkind,,,
The Pillars of the Earth,Ken Follett,,,
The Plague,Albert Camus,TRUE,TRUE,
The Poetic Edda: The Heroic Poems (Dover Value Editions),Henry Adams Bellows,,,
The Poetic Edda: The Mythological Poems,Henry Adams Bellows,,,
The Prince,Niccolo Machiavelli,TRUE,TRUE,
The Principia : Mathematical Principles of Natural Philosophy,Isaac Newton,,,
The Problem of Pain,C. S. Lewis,,,
The Problems of Philosophy (Barnes &amp; Noble Library of Essential Reading),Bertrand Russell,,,
The Prose Edda,"Snorri Sturluson, Jean I. Young (Translator)",,,
"The Question of Psychological Types: The Correspondence of C. G. Jung and Hans Schmid-Guisan, 1915-1916 (Philemon Foundation Series)","C. G. Jung, Hans Schmid-Guisan",,,
The Real Story: The Gap into Conflict,Stephen R. Donaldson,,,
The Red and the Black (Barnes &amp; Noble Classics),Stendhal,,,
The Republic of Thieves (Gentleman Bastards),Scott Lynch,TRUE,TRUE,
The Return of the Black Company,Glen Cook,TRUE,TRUE,
"The Return of the King (The Lord of the Rings, Part 3)",J.R.R. Tolkien,,,
The Revolution: A Manifesto,Ron Paul,,,
The Rhinegold and The Valkyrie - The Ring of the Niblung - Volume I - Illustrated by Arthur Rackham,Richard Wagner,,,
The Righteous Mind: Why Good People Are Divided by Politics and Religion,Jonathan Haidt,TRUE,TRUE,
The Rise and Fall of the Third Reich: A History of Nazi Germany,William L. Shirer,,,
The Rise of Grimm,Natasha Rayne,,,
"The Road to Serfdom: Text and Documents--The Definitive Edition (The Collected Works of F. A. Hayek, Volume 2)",F. A. Hayek,,,
The Roman Army: The Greatest War Machine of the Ancient World,Chris McNab,,,
The Rommel Papers,B. H. Liddell-Hart,,,
"The Runelords: The Sum Of All Men (The Runelords, Book 1)",David Farland,,,
The Saga of the Volsungs (Penguin Classics),"Anonymous, Jesse L. Byock",,,
The Sapphire Rose: Book 3 of The Elenium,David Eddings,,,
The Satellite Atlas,"David Flint, Terry Allen (Contribution by), Nick Skelton (Contribution by)",,,
"The Science Fiction Hall of Fame, Vol. 1: 1929-1964",Robert Silverberg,,,
The Science of Self-Realization,A. C. Bhaktivedanta Swami Prabhupada,,,
The Screwtape Letters,C. S. Lewis,,,
The Second Collected Tales of Bauchelain and Korbal Broach,Steven Erikson,,,
The Seven Military Classics Of Ancient China (History and Warfare),Ralph D. Sawyer,,,
The Seventh Sense: The Secrets of Remote Viewing as Told by a &quot;Psychic Spy&quot; for the U.S. Military,Lyn Buchanan,,,
"The Shadow Rising (The Wheel of Time, Book 4)",Robert Jordan,,,
"The Shaping of Middle-Earth: The Quenta, the Ambarkanta and the Annals (The History of Middle-Earth, Vol. 4)","J.R.R. Tolkien, Christopher Tolkien",,,
The Silmarillion,J.R.R. Tolkien,,,
The Silmarillion,J.R.R. Tolkien,,,
The Silmarillion [Illustrated Edition]: Illustrated by J.R.R. Tolkien,J R R Tolkien,,,
The Sims,Mark Cohen,TRUE,,
The Sims: Livin' Large: Prima's Official Strategy Guide,Rick Barba,TRUE,,
The Sky: The Art of Final Fantasy Book 1,Yoshitaka Amano,TRUE,,
The Sky: The Art of Final Fantasy Book 2,Yoshitaka Amano,TRUE,,
The Sky: The Art of Final Fantasy Book 3,Yoshitaka Amano,TRUE,,
The Sky: The Art of Final Fantasy Slipcased Edition,Yoshitaka Amano,TRUE,,
The Slow Regard of Silent Things (The Kingkiller Chronicle),Patrick Rothfuss,,,
The Slow Regard of Silent Things: A Kingkiller Chronicle Novella (Kingkiller Chronicles),Patrick Rothfuss,,,
The Song of Roland (Penguin Classics),Anonymous,,,
The Song of the Cid (Penguin Classics) A Dual-Language Edition with Parallel Text,Anonymous,,,
The Space Trilogy,C. S. Lewis,,,
The Starcraft Archive: An Anthology,"Jeff Grubb, Gabriel Mesta, Tracy Hickman, Micky Neilson",,,
The Storm of Steel,Ernst Jünger,,,
The Stormlight Archive,Brandon Sanderson,,,
The Story of Mathematics: From Ancient Babylon to the Last Unsolved Problems,Ian Stewart,,,
The Strange Case of Dr. Jekyll and Mr. Hyde and Other Stories (Barnes &amp; Noble Classics),Robert Louis Stevenson,,,
The Stranger,Albert Camus,TRUE,TRUE,
"The Subtle Knife (His Dark Materials, Book 2)",Philip Pullman,TRUE,TRUE,
The Super Mario Sunshine Player's Guide (The Official Nintendo Player's Guide),Alan Averill; Jennifer Villarreal; Editor-Scott Pelland,TRUE,,
The Sword of Shannara Trilogy,Terry Brooks,,,
"The Sword of Truth, Box Set II, Books 4-6: Temple of the Winds; Soul of the Fire; Faith of the Fallen",Terry Goodkind,,,
"The Sword of Truth, Boxed Set I, Books 1-3: Wizard's First Rule, Blood of the Fold ,Stone of Tears",Terry Goodkind,,,
"The Sword of Truth, Boxed Set III, Books 7-9: The Pillars of Creation, Naked Empire, Chainfire",Terry Goodkind,,,
The Tale of Snow White and the Widow Queen,"Jonathan Pageau, Heather Pollington (Illustrator)",,,
The Templars: The History and the Myth: From Solomon's Temple to the Freemasons,Michael Haag,,,
The Thirty Years War: Europe's Tragedy,Peter H. Wilson,,,
"The Thousand Orcs (Forgotten Realms: The Hunter's Blades Trilogy, Book 1)",R.A. Salvatore,,,
The Three-Body Problem,Cixin Liu,,,
The Tower Treasure/The House on the Cliff/The Secret of the Old Mill/The Missing Chums/Hunting for Hidden Gold/The Shore Road Mystery (Hardy Boys 1-6),Franklin W. Dixon,,,
The Trial and Death of Socrates: Four Dialogues (Dover Thrift Editions),Plato,,,
The Trouble With Peace: Book Two (The Age of Madness),Joe Abercrombie,TRUE,TRUE,
The Twilight of the Idols,Friedrich Nietzsche,,,
The Twits,Roald Dahl,,,
"The Two Swords (The Hunter's Blades Trilogy, Book 3)",R.A. Salvatore,,,
"The Two Towers (The Lord of the Rings, Part 2)",J.R.R. Tolkien,,,
The U.S. Army/Marine Corps Counterinsurgency Field Manual,"J. F. Amos S. Sewall, J. A. Nagl, D. H. Petraeus",,,
The Ultimate History Buff Challenge,Bill O'Neill,,,
The Ultimate Hitchhiker's Guide to the Galaxy,Douglas Adams,TRUE,,
"The Ultramarines Omnibus (Warhammer 40,000 Omnibus)",Graham McNeill,TRUE,,
The Undiscovered Self: With Symbols and the Interpretation of Dreams,C. G. Jung,,,
The Undiscovered Self: With Symbols and the Interpretation of Dreams (New in Paper) (Bollingen Series XX: the Collected Works of C. G. Jung),C. G. Jung,,,
The Vampire Lestat (Vampire Chronicles),Anne Rice,,,
The Vinland Sagas (Penguin Classics),"Keneva Kunz, Gisli Sigurdsson",,,
The Voyage of the Jerle Shannara Trilogy,Terry Brooks,,,
The Water Margin: Outlaws of the Marsh (Tuttle Classics),Shi Naian,,,
The Way of Kings (The Stormlight Archive),Brandon Sanderson,TRUE,,
The Way to Wealth (Little Books of Wisdom),Benjamin Franklin,,,
The Wealth of Nations (Everyman's Library),Adam Smith,,,
"The Well of Ascension (Mistborn, Book 2)",Brandon Sanderson,TRUE,TRUE,
The Wildlife of Star Wars: A Field Guide,"Terryl Whitlatch, Bob Carrau",,,
The Wind in the Willows,Kenneth Grahame,,,
The Winter King (The Arthur Books #1),Bernard Cornwell,,,
The Wisdom of Crowds,Joe Abercrombie,TRUE,TRUE,
The Wise Man's Fear: The Kingkiller Chronicle: Day Two (Kingkiller Chronicles),Patrick Rothfuss,TRUE,TRUE,
The Witcher Boxed Set,Andrzej Sapkowski,,,
The Witches,Roald Dahl,,,
The Word on Fire Bible (Volume 1),Robert Barron (Contribution by),,,
The Word on Fire Bible (Volume 2),Robert Barron (Commentaries by),,,
The Word on Fire Bible (Volume 3): the Pentateuch - Leather,Robert Barron,,,
The World Almanac and Book of Facts 2004 (World Almanac &amp; Book of Facts),Editors of World Almanac,,,
The World of Ice and Fire: The Official History of Westeros and The World of A Game of Thrones,"George R.R. Martin, Elio Garcia, Linda Antonsson",TRUE,,
The Worm Ouroboros,"E. R. Eddison, Brian Attebery (Introduction)",,,
The Writer's Digest Character Naming Sourcebook,Sherrilyn Kenyon,,,
Thermopylae: The Battle For The West,Ernle Bradford,,,
Three Theban Plays (Barnes &amp; Noble Classics Series),Sophocles,,,
Three-body Problem Set,Cixin Liu,,,
Thunderstruck,Erik Larson,,,
Thus Spake Zarathustra,Friedrich Nietzsche,,,
Timaeus and Critias (Penguin Classics),Plato,,,
Timechart of Military History (Time Charts),David G. Chandler,,,
"To the Blight (The Eye of the World, Book 2)",Robert Jordan,TRUE,TRUE,
Toll the Hounds: Book Eight of The Malazan Book of the Fallen,Steven Erikson,TRUE,TRUE,
Top Secret Passwords Nintendo Player's Guide,Nintendo,TRUE,,
Totally Unauthorized Bomberman 64,BradyGames Staff,TRUE,,
Towers of Midnight (Wheel of Time (Tor Paperback)),"Robert Jordan, Brandon Sanderson",,,
Tractatus Logico-Philosophicus (Barnes &amp; Noble Library of Essential Reading),Ludwig Wittgenstein,,,
Traitor General (Gaunt's Ghosts Novels),Dan Abnett,,,
Treasure Island (Bantam Classic) Treasure Island,Robert Louis Stevenson,,,
Treasury Of Gothic &amp; Supernatural,Rh Value Publishing,,,
Trigonometry,"Charles P. McKeague, Mark Turner",,,
Two Lives of Charlemagne (Penguin Classics),"Einhard, Notker the Stammerer",,,
U.S. History I (Cliffs Quick Review),"Abraham Hoffman, Paul Soifer",,,
Ultimate Visual Dictionary Revised,DK Publishing,,,
Undaunted Courage,Stephen E. Ambrose,,,
Unexplained Mysteries of World War II,William Breuer,,,
Unfinished Tales (Deluxe Slipcase Edition),J. R. R. TOLKIEN,,,
"Universal German Dictionary: German-English, English-German (Langenscheidt Universal Dictio) (German and German Edition)",Langenscheidt,,,
"Universe in Your Pocket: 3,999 Essential Facts",Joel Levy,,,
"UNIX: The Complete Reference, Second Edition (Complete Reference Series)","Kenneth Rosen, Douglas Host, Rachel Klee, Richard Rosinski",,,
Unqualified Reservations,Curtis Yarvin,TRUE,,
Utilitarianism,John Stuart Mill,,,
Utilitarianism (Barnes &amp; Noble Library of Essential Reading),John Stuart Mill,,,
V for Vendetta,Alan Moore,,,
Vagrant Story Official Strategy Guide (Bradygames Strategy Guides),Dan Birlew,TRUE,,
Valkyria Chronicles,Sega,TRUE,,
Valkyria Chronicles Official Strategy Guide,"BradyGames Staff, Sega Company Staff",TRUE,,
Versus Books Official Pokemon Gold &amp; Silver Adventure Guide,Versus Books Staff,TRUE,,
Vibrant Paradoxes,Robert Barron,,,
Walden (Everyman's Library),Henry David Thoreau,,,
War Stories II,Oliver L. North,,,
War Stories III,Oliver L. North,,,
War: The Definitive Visual History,DK Publishing,,,
Warbreaker (Tor Fantasy),Brandon Sanderson,TRUE,TRUE,
WarCraft,Ellen P. Kiley (Editor),TRUE,,
Warcraft,Johnstone,TRUE,,
WarCraft Archive (World of Warcraft),"Blizzard Entertainment, Richard A. Knaak",,,
Warcraft III: Reign of Chaos Official Strategy Guide (Bradygames Take Your Games Further),Bart G. Farkas,TRUE,,
WarCraft War of the Ancients Archive (Warcraft Series),Richard A. Knaak,,,
Warcraft: The Role Playing Game - Alliance and Horde Compendium,"Bob Fitch, Luke Johnson, Seth Johnson, Mur Lafferty",TRUE,,
Warcraft: The Roleplaying Game,Arthaus,TRUE,,
"Warcraft: The Roleplaying, Game Manual of Monsters","Rebecca Borgstrom, Eric Brennan, Genevieve Cogman, Michael Goodwin",TRUE,,
Warhammer 1996 Rulebook,Gavin Thorpe,TRUE,,
Warhammer 1996 Rulebook,Gavin Thorpe,TRUE,,
"Warhammer 40, 000 Codex: Craftworld Eldar",Gavin Thorpe,TRUE,,
"Warhammer 40, 000 Codex: Eldar",Phil Kelly,TRUE,,
"Warhammer 40,000 Codex Heretic Astartes Thousand Sons",Games Workshop,TRUE,,
"Warhammer 40,000 Codex Thousand Sons",,TRUE,,
"Warhammer 40,000 Rulebook",Games Workshop,TRUE,,
Warhammer Armies Dark Elves,,TRUE,,
Warhammer Armies High Elves,Adam Troke,TRUE,,
Warhammer Armies: Bretonnia,Gavin Thorpe,TRUE,,
Warhammer Armies: High Elves,Games Workshop,TRUE,,
Warhammer Armies: Lizardmen,Gavin Thorpe,TRUE,,
Warhammer Battle Book 1996 (Warhammer fantasy),Rick Priestley,TRUE,,
Warhammer Dwarfs,Pete Haines,TRUE,,
Warhammer Orcs and Goblins,"Matthew Ward , Andy Hoare",TRUE,,
Warhammer Rule Book - English,Warhammer,TRUE,,
Warhammer Rulebook 6th Edition,"Rick Priestley, Tuomas Pirinen",TRUE,,
Warhammer: Tomb Kings,Alessio Cavatore,TRUE,,
Warmachine Colossals (SC),Privateer Press,,,
Warmachine Prime MKll,Matt Wilson,,,
Warman's PEZ Field Guide: Values and Identification (Warman's Field Guides),Shawn Peterson,TRUE,,
Warrior Politics: Why Leadership Demands a Pagan Ethos,Robert D. Kaplan,,,
Warrior: A Visual History of the Fighting Man,R. G. Grant,,,
Warriors of God: Richard the Lionheart and Saladin in the Third Crusade,James Reston Jr.,,,
Warriors of Ultramar (Warhammer: Ultramarines),Graham McNeill,TRUE,TRUE,
Watchmen: The Deluxe Edition,Alan Moore,,,
Weapon: A Visual History of Arms and Armor,DK,,,
Websters Ninth New Collegiate Dictionary,Websters Merriam,,,
Wild Tales of Kyrie Issue #1,Matt Crotts,,,
Wild Tales of Kyrie Issue #2,Matt Crotts,,,
"William Gibson Neuromancer Collection 4 Books Bundle With Gift Journal (Neuromancer, Count Zero, Mona Lisa Overdrive, Burning Chrome)",William Gibson,,,
Winter's Heart,Robert Jordan,,,
Winter's Heart,Robert Jordan,,,
Wise Man's Fear (The Kingkiller Chronicle),Patrick Rothfuss,TRUE,TRUE,
WITCHER 2: TIME OF CONTEMPT FTI BPB,Andrzej Sapkowski,,,
WITCHER 3: BAPTISM OF FIRE FTI BPB,Andrzej Sapkowski,,,
WITCHER 4: TOWER OF SWALLOW FTI BPB,Andrzej Sapkowski,,,
WITCHER 5: LADY OF LAKE FTI BPB,Andrzej Sapkowski,,,
WITCHER NOVEL: SEASON OF STORMS FTI BPB,Andrzej Sapkowski,,,
"Wizard's First Rule (Sword of Truth, Book 1)",Terry Goodkind,TRUE,TRUE,
Wizardology: The Book of the Secrets of Merlin (Ologies),"Master Merlin, Dugald Steer",,,
Wood Elves (Warhammer Armies),,TRUE,,
"Words of Radiance (The Stormlight Archive, Book 2)",Brandon Sanderson,,,
World Mythology: The Illustrated Guide,"Roy Willis, Robert Walter",,,
World of Warcraft Atlas,BradyGames,TRUE,,
World of Warcraft Atlas: The Burning Crusade (Brady Games - World of Warcraft),BradyGames,TRUE,,
World of Warcraft Battle Chest Guide,David Waybright,TRUE,,
World of Warcraft: Chronicle Volume 2,BLIZZARD ENTERTAINMENT,,,
World of Warcraft: Chronicle Volume 3,BLIZZARD ENTERTAINMENT,,,
World of Warcraft: Chronicle Volume 1,BLIZZARD ENTERTAINMENT,,,
World of Warcraft: Night of the Dragon,Richard A. Knaak,,,
World Of Warcraft: The Burning Crusade Battle Chest Guide,H. Leigh Davis,,,
World of Warcraft: Ultimate Visual Guide,DK Publishing,,,
Write Great Fiction - Dialogue (Write Great Fiction Series),Gloria Kempton,,,
Xenophon: Anabasis (Loeb Classical Library) (English and Greek Edition),Xenophon,,,
Xenosystems,Nick Land,,,
XML Pocket Reference (Pocket Reference (O'Reilly)),"Simon St. Laurent, Michael James Fitzgerald",,,
Yoshi's Story Official Nintendo Player's Guide,Nintendo,TRUE,,
Yvgenie,C.J. Cherryh,,,
Zen and the Art of Motorcycle Maintenance: An Inquiry Into Values,Robert M. Pirsig,TRUE,TRUE,
