Title,Year,Imbibed,Completed,Favorite
24,2001-2014,TRUE,,
.hack,2002-2006,,,
1122: For a Happy Marriage,2024,,,
12 Monkeys,2015-2018,,,
2 Stupid Dogs,1993-1995,TRUE,,
3 Body Problem,2024-Present,,,
30 Rock,2006-2013,,,
3Below: Tales of Arcadia,2018-2019,,,
3rd Rock from the Sun,1996-2001,,,
8 Man After,1993,,,
86 EIGHTY-SIX,2021-2022,TRUE,TRUE,
A Bit of Fry & Laurie,1987-1995,,,
A Minute with Stan Hooper,2003,,,
A Nero Wolfe Mystery,2001-2002,TRUE,,
A Perfect Planet,2021,,,
A Place Further Than the Universe,2018,,,
A.D. Police,1999,,,
A.D. Police Files,1990,,,
Aaahh!!! Real Monsters,1994-1997,TRUE,,
Absolutely Fabulous,1992-2012,TRUE,,
Abstract: The Art of Design,2017-2019,,,
Adventure Time,2010-2018,TRUE,TRUE,
Adventures of Sonic the Hedgehog,1993,TRUE,,
Afro Samurai,2007,,,
After War Gundam X,1996-1997,,,
Agatha Christie's Poirot,1989-2013,TRUE,,
Age of Samurai: Battle for Japan,2021,,,
Aggretsuko,2018-2023,TRUE,,
Air Gear,2006,,,
Ajin,2016,,,
Akagi,2005-2006,,,
Akame ga Kill!,2014,,,
Akiba Maid War,2022,,,
Akudama Drive,2020,,,
Aldnoah.Zero,2014-2015,,,
Alien Defender Geo-Armor: Kishin Corps,1993-1994,,,
Alien Nation,1989-1990,,,
All Purpose Cultural Cat Girl Nuku Nuku,1992-1998,,,
All the Light We Cannot See,2023,TRUE,TRUE,
Allo 'Allo!,1982-1992,,,
Almost Human,2013-2014,TRUE,,
Altered Carbon,2018-2020,TRUE,TRUE,
America: The Story of Us,2010,,,
American Crime Story,2016-2021,TRUE,,
American Dad!,2005-Present,,,
American Gods,2017-2021,TRUE,,
American Horror Story,2011-Present,,,
American Vandal,2017-2018,,,
Amphibia,2019-2022,,,
Ancient Apocalypse,2022-Present,TRUE,TRUE,
Angel,1999-2004,,,
Angel Beats!,2010,,,
Animaniacs,2020-2023,TRUE,TRUE,
Animorphs,1998-1999,TRUE,,
AnoHana: The Flower We Saw That Day,2011,,,
Another Life,2019-2021,,,
Appleseed XIII,2011-2012,,,
Aqua Teen Hunger Force,2000-2023,,,
Arcadia of My Youth: Endless Orbit SSX,1982-1983,,,
Arcane,2021-2024,TRUE,,
Archer,2009-2023,,,
Are You Afraid of the Dark?,1992-2000,TRUE,,
AREA 88,1985-1986,,,
Area 88,2004,,,
Armor Hunter Merowlink,1988-1989,,,
Arrested Development,2003-2019,TRUE,,
Ash vs Evil Dead,2015-2018,,,
Assassination Classroom,2013-2016,,,
Attack on Titan,2013-2022,TRUE,,
Aura Battle Dunbine: The Tale of Neo Byston Well,1988,,,
Aura Battler Dunbine,1983-1984,,,
Avatar: The Last Airbender,2005-2008,TRUE,TRUE,
Avenue 5,2020-2022,TRUE,,
Azur Lane,2019-2020,,,
B: The Beginning,2018-2021,TRUE,TRUE,
Baa Baa Black Sheep,1976-1978,,,
Babylon,2019-2020,,,
Babylon 5,1993-1998,,,
Babylon Berlin,2017-Present,,,
Baccano!,2007,,,
BAKI,2016-2020,,,
Baki the Grappler,2001,,,
Bamboo Blade,2007-2008,,,
Band of Brothers,2001,TRUE,TRUE,
Barry,2018-2023,TRUE,,
Basilisk,2005-2018,,,
Bastard!!,1992-1993,,,
"BASTARD‼ -Heavy Metal, Dark Fantasy-",2022-2023,,,
Batman Beyond,1999-2001,,,
Batman: The Animated Series,1992-1995,TRUE,,
Battle Angel,1993,,,
Battle of the Planets,1978-1979,,,
Battlestar Galactica,1978-1979,,,
Battlestar Galactica,2003,TRUE,TRUE,
Beast King GoLion,1981-1982,,,
Beast Machines: Transformers,1999-2000,TRUE,,
Beast Wars: Transformers,1996-1999,TRUE,TRUE,
BEASTARS,2019-Present,,,
Beck: Mongolian Chop Squad,2004-2005,,,
Belgravia,2020,,,
Berserk,1997-1998,TRUE,TRUE,
Berserk,2016-2017,,,
Berserk: The Golden Age Arc – Memorial Edition,2022,,,
Better Call Saul,2015-2022,TRUE,TRUE,
Better Call Saul Presents: Slippin' Jimmy,2022,,,
Better Off Ted,2009-2010,,,
Beyond the Boundary,2013,,,
Biblical Series - Genesis,2017-Present,TRUE,TRUE,
Big Hero 6 The Series,2017-2021,,,
Big Little Lies,2017-2019,,,
Billions,2016-2023,,,
Biohackers,2020-2021,,,
BIRDIE WING -Golf Girls' Story-,2022-2023,,,
Black Books,2000-2004,,,
Black Clover,2017-Present,,,
Black Dynamite,2011-2015,,,
Black Lagoon,2006,,,
Black Mirror,2011-Present,TRUE,TRUE,
Blackadder,1982-1989,,,
Blade Runner: Black Lotus,2021-2022,,,
Bleach,2004-Present,TRUE,,
Blockbuster,2022,,,
Blood of Zeus,2020-2025,,,
Blue Exorcist,2011-2025,TRUE,,
Blue Gender,1999-2000,,,
Blue Planet II,2017,,,
Blue Seed,1994-1995,,,
Blue Submarine No. 6,1998-2000,,,
BNA,2020,TRUE,TRUE,
Boardwalk Empire,2010-2014,TRUE,,
Bodacious Space Pirates,2012,,,
Bones,2005-2017,TRUE,,
Bored to Death,2009-2011,,,
Boss,2011-2012,,,
Boston Legal,2004-2008,,,
Brass Eye,1997,,,
Bravest Warriors,2009-2018,TRUE,,
Breaking Bad,2008-2013,TRUE,TRUE,
Brooklyn Nine-Nine,2013-2021,,,
Brotherhood: Final Fantasy XV,2016,,,
Btooom!,2012,,,
Bubblegum Crash,1991,,,
Bubblegum Crisis,1987-1991,,,
Bubblegum Crisis Tokyo 2040,1998-2000,,,
Buffy the Vampire Slayer,1997-2003,TRUE,TRUE,
BUILD-DIVIDE,2021-2022,,,
BURN THE WITCH,2020,,,
Californication,2007-2014,TRUE,,
Call of the Night,2022-Present,,,
Camelot,2011,,,
Captain Earth,2014,,,
Captain Harlock and the Queen of a Thousand Years,1986,,,
Captain N: The Game Master,1989-1991,,,
Captain Planet and the Planeteers,1990-1996,TRUE,,
Carnival Row,2019-2023,TRUE,,
CAROLE & TUESDAY,2019,,,
Castle Rock,2018-2019,,,
Castlevania,2017-2021,TRUE,,
Catch-22,2019,,,
CatDog,1998-2005,TRUE,,
Catherine the Great,2019,,,
Cells at Work!,2018-2021,,,
Cells at Work! CODE BLACK,2021,,,
Chainsaw Man,2022,,,
Challenger: The Final Flight,2020,,,
Chappelle's Show,2003-2006,TRUE,,
Charlie's Angels,1976-1981,,,
Cheers,1982-1993,TRUE,,
Chernobyl,2019,,,
Chimp Empire,2023,,,
China: A Century of Revolution,1989-1997,,,
CHiPs,1977-1983,,,
Chrono Trigger,1996,,,
Chuck,2007-2012,,,
Cinematic Titanic,-2013,TRUE,,
Civilisation,1969,,,
Clannad,2007-2009,,,
Clash of Warriors,2002,TRUE,,
Claymore,2007,,,
Clone High,2002-2003,,,
Cobra Kai,2018-2025,,,
Code Geass: Lelouch of the Rebellion,2006-2008,TRUE,TRUE,
Columbo,1971-2003,TRUE,,
Comedians in Cars Getting Coffee,2012-2019,TRUE,,
Community,2009-2015,TRUE,,
Complete Savages,2004-2005,,,
Connected,2020,,,
Connections,1978-1997,,,
Conquering Northern China,2017,,,
Conquering Southern China,2016,,,
Conversations with a Killer: The John Wayne Gacy Tapes,2022,,,
Conversations with a Killer: The Ted Bundy Tapes,2019,,,
Cooked,2016,,,
Corporate,2018-2020,,,
Cosmos,2014-2020,,,
Cosmos: A Personal Voyage,1980,,,
Costume Quest,2019,,,
Courage the Cowardly Dog,1999-2002,TRUE,TRUE,
Cowboy Bebop,1998-1999,TRUE,TRUE,
Crest of the Stars,1999-2001,,,
Criminal Minds,2005-Present,TRUE,,
Cromartie High School,2003-2004,,,
CSI: Crime Scene Investigation,2000-2015,TRUE,,
CSI: Miami,2002-2012,TRUE,,
CSI: NY,2004-2013,TRUE,,
Curb Your Enthusiasm,2000-2024,,,
Cyber City Oedo 808,1990-1991,,,
Cyberpunk: Edgerunners,2022-Present,TRUE,TRUE,
Cybersix,1999,,,
Cybuster,1999-2000,,,
Dance in the Vampire Bund,2010,,,
Danger 5,2011-2015,TRUE,TRUE,
Danny Phantom,2003-2007,TRUE,,
Darker Than Black,2007-2009,,,
DarkStalkers,1995-1996,,,
Darkwing Duck,1991-1992,,,
DARLING in the FRANXX,2018,TRUE,TRUE,
David Starkey's Music and Monarchy,2013,,,
Deadman Wonderland,2011,TRUE,,
Deadwood,2004-2006,,,
Death Note,2006-2007,TRUE,TRUE,
Death Parade,2015,TRUE,,
Deep State,2018-2019,,,
Delicious in Dungeon,2024-Present,,,
Demon Slayer: Kimetsu no Yaiba,2019-2024,TRUE,,
Devil Lady,1998-1999,,,
Devilman,1972-1973,,,
Devilman Crybaby,2018,,,
Dexter,2006-2013,TRUE,,
Dexter's Laboratory,1996-2003,TRUE,,
Digimon Data Squad,2006-2007,,,
Digimon Frontier,2002-2003,,,
Digimon Tamers,2001-2002,,,
Digimon: Digital Monsters,1999-2001,TRUE,,
Dilbert,1999-2000,TRUE,TRUE,
Dinosaurs,1991-1995,TRUE,,
Dirty Jobs,2005-2023,TRUE,,
Dirty Jobs: Rowe'd Trip,2020,,,
Dirty Money,2018-2020,,,
Disenchantment,2018-2023,TRUE,,
Doctor Who,2005-2021,TRUE,,
Dominion Tank Police,1988-1994,,,
Doraemon,1979-2005,,,
Dorohedoro,2020-Present,,,
Dororo,2019,,,
DOTA: Dragon's Blood,2021-2022,,,
Doug,1991-1999,TRUE,,
Downton Abbey,2010-2015,TRUE,TRUE,
Dr. Horrible's Sing-Along Blog,2008,TRUE,TRUE,
Dr. Jordan B. Peterson on Depression and Anxiety,2024,,,
Dr. Jordan B. Peterson on Marriage,2022,,,
Dr. STONE,2019-Present,TRUE,TRUE,
Dracula,2013-2014,,,
Dracula,2020,,,
Dragon Ball,1986-1989,,,
Dragon Ball Super,2015-2018,,,
Dragon Ball Z,1989-1996,TRUE,,
Dragon Ball Z Kai,2009-2015,,,
Dragon Half,1993,,,
"Dragons, Monsters, and Men",2022,,,
Drunk History,2013-2019,TRUE,,
DuckTales,1987-1990,TRUE,,
Dug Days,2021,TRUE,,
Earth at Night in Colour,2020-2021,TRUE,,
Earthworm Jim,1995-1996,,,
Eastbound & Down,2009-2013,,,
Eden,2021,,,
El-Hazard: The Magnificent World,1995-2002,,,
Elfen Lied,2004,TRUE,,
End of the World with Jonathan Pageau,2023,,,
Entourage,2004-2011,,,
ERASED,2016,,,
Ergo Proxy,2006,TRUE,TRUE,
Eureka,2006-2012,,,
Eureka Seven,2005-2012,,,
Exodus,2022-2023,TRUE,TRUE,
F-Zero: GP Legend,2003-2004,,,
Fairy Tail,2009-2019,,,
Family Guy,1999-Present,,,
Fargo,2014-Present,TRUE,,
Farming Life in Another World,2023,,,
Farscape,1999-2003,,,
Fatal Fury,1994,,,
Fate/Grand Order Absolute Demonic Front: Babylonia,2019-2020,,,
Fate/kaleid liner Prisma Illya,2013-2016,,,
Fate/stay night,2006,,,
Fate/stay night [Unlimited Blade Works],2014-2015,,,
Fate/Zero,2011-2012,,,
Father Ted,1995-1998,,,
Fawlty Towers,1975-1979,TRUE,TRUE,
Fear City: New York vs The Mafia,2020,,,
Fena: Pirate Princess,2021,,,
Feud,2017-2024,,,
FIFA Uncovered,2022,,,
Final Fantasy XIV: Dad of Light,2017,,,
Final Fantasy: Legend of the Crystals,1994,,,
Final Fantasy: Unlimited,2001-2002,,,
Final Space,2018-2021,,,
Fire Emblem,1995-1996,,,
Fire Force,2019-Present,TRUE,,
Firefly,2002,TRUE,TRUE,
Fist of the North Star,1984-1988,,,
Flame of Recca,1997-1998,,,
FLCL,2000-2023,TRUE,TRUE,
Flight of the Conchords,2007-2009,TRUE,TRUE,
Formula 1: Drive to Survive,2019-Present,,,
Foster's Home for Imaginary Friends,2004-2009,,,
Foundation,2021-Present,,,
Foundations of the West,2024,,,
Frasier,1993-2004,TRUE,TRUE,
Freakazoid!,1995-1997,,,
Freaks and Geeks,1999-2000,,,
Free to Choose,1980-Present,,,
Friends,1994-2004,TRUE,TRUE,
Frieren: Beyond Journey's End,2023-Present,,,
Fringe,2008-2013,,,
From the Earth to the Moon,1998,,,
From the New World,2012-2013,,,
Frozen Planet,2011,,,
Full House,1987-1995,TRUE,,
Full Metal Panic!,2002-2018,,,
Fullmetal Alchemist,2003-2004,,,
Fullmetal Alchemist: Brotherhood,2009-2010,TRUE,TRUE,
Futurama,1999-Present,TRUE,TRUE,
Gad Guard,2003,,,
Galavant,2015-2016,,,
Galaxy Express 999,1978-1981,,,
Gall Force,1986-1997,,,
Game of Thrones,2011-2019,TRUE,TRUE,
GANTZ,2004,,,
Gargantia on the Verdurous Planet,2013,,,
Gargoyles,1994-1997,TRUE,,
GATE,2015-2016,TRUE,,
Generation Kill,2008,,,
Genocyber,1994,,,
Get a Life,1990-1992,,,
Ghost in the Shell: Arise - Alternative Architecture,2015,,,
Ghost in the Shell: Stand Alone Complex,2002-2005,TRUE,TRUE,
Ghost Slayers Ayashi,2006-2007,,,
Ghost Stories,2000-2001,,,
Giant Gorg,1984,,,
Gigantor,1964-1965,,,
Gilly and Keeves,2020-Present,,,
Gintama,2006-2018,,,
Girls,2012-2017,,,
Girls und Panzer,2012-2013,,,
Goblin Slayer,2018-2023,TRUE,,
GODANNAR!!,2003-2004,,,
Godzilla Singular Point,2021,,,
Goku Midnight Eye,1989,,,
Golden Boy,1995-1996,,,
Golden Kamuy,2018-Present,,,
Golgo 13,2008-2009,,,
Good Omens,2019-Present,,,
Gotham,2014-2019,TRUE,,
Gravity Falls,2012-2016,TRUE,TRUE,
Great Pretender,2020-2024,,,
Great Teacher Onizuka,1999-2000,,,
Greatest Events of World War II in Colour,2019,,,
Grimgar of Fantasy and Ash,2016,,,
Grimm,2011-2017,TRUE,,
Guilty Crown,2011-2012,,,
Gun x Sword,2005,,,
Gunparade March,2003,,,
Guns Germs & Steel,2005,,,
Gunsmith Cats,1995-1996,,,
Gurren Lagann,2007,TRUE,TRUE,
Guyver: The Bioboosted Armor,2005-2006,,,
Haikyu!!,2014-2020,,,
Halo: Nightfall,2014,,,
Halston,2021,,,
Hammer and Bolter,2021-Present,,,
Hannibal,2013-2015,,,
Happy Days,1974-1984,,,
HarmonQuest,2016-2019,,,
"Harvey Birdman, Attorney at Law",2000-2007,,,
Hatfields & McCoys,2012,TRUE,,
Haven't You Heard? I'm Sakamoto,2016,,,
He-Man and the Masters of the Universe,1983-1984,,,
Heavenly Delusion,2023,,,
Hellsing,2001-2002,TRUE,,
Hellsing Ultimate,2006-2012,,,
Hemlock Grove,2013-2015,,,
Hercules: The Legendary Journeys,1995-1999,,,
Hernán,2019,,,
Heroes,2006-2010,,,
Hey Arnold!,1996-2004,,,
HIGH CARD,2023-2024,,,
High School of the Dead,2010,,,
Higurashi: When They Cry,2006-2007,,,
Hilda,2018-2023,,,
His Dark Materials,2019-2023,TRUE,,
History of Swear Words,2021,,,
Hitler: The Rise of Evil,2003,,,
Hogan's Heroes,1965-1971,,,
Home Improvement,1991-1999,TRUE,,
Homeland,2011-2020,,,
Horimiya,2021,,,
Hornblower,1998-2003,,,
Hot in Cleveland,2010-2015,,,
House,2004-2012,TRUE,,
House of Cards,1990-1995,,,
House of Cards (US),2013-2018,TRUE,TRUE,
How a Realist Hero Rebuilt the Kingdom,2021-2022,,,
How I Met Your Mother,2005-2014,TRUE,TRUE,
How to Change Your Mind,2022,,,
Hunter x Hunter,1999-2004,,,
Hunter x Hunter,2011-2014,,,
Hunters,2020-2023,,,
I Love Lucy,1951-1957,TRUE,,
I Think You Should Leave with Tim Robinson,2019-Present,TRUE,TRUE,
I'll Be Gone in the Dark,2020-2021,,,
ID: INVADED,2020,TRUE,TRUE,
In Living Color,1990-1994,TRUE,,
Inferno Cop,2012-2013,,,
Infinite Stratos,2011-2013,,,
Infinity Train,2019-2021,,,
Initial D,1998-2014,,,
Interspecies Reviewers,2020,,,
Into the Badlands,2015-2019,TRUE,,
InuYasha,2000-2010,,,
INUYASHIKI LAST HERO,2017,,,
Invader ZIM,2001-2006,,,
Invasion,1997,,,
INVINCIBLE,2021-Present,TRUE,,
Iria: Zeiram the Animation,1994,,,
Is It Wrong to Try to Pick Up Girls in a Dungeon?,2015-Present,TRUE,,
It's Always Sunny in Philadelphia,2005-Present,TRUE,,
iZombie,2015-2019,,,
Jackie Chan Adventures,2000-2005,TRUE,,
Jamestown,2017-2019,,,
Japan Sinks: 2020,2020,,,
Jean-Claude Van Johnson,2016-2017,,,
Jeeves and Wooster,1990-1993,,,
Jeffrey Epstein: Filthy Rich,2020,,,
Jericho (2006),2006-2008,,,
John Adams,2008,,,
Johnny Bravo,1997-2004,TRUE,,
JoJo's Bizarre Adventure,1993-2002,,,
JoJo's Bizarre Adventure,2012-Present,,,
Jonny Quest,1964-1965,TRUE,,
Jormungand,2012,TRUE,,
Joseph Campbell and the Power of Myth,1988,,,
Journey to the West,1986-2000,,,
JUJUTSU KAISEN,2020-Present,,,
Jupiter's Legacy,2021,,,
Just Shoot Me!,1997-2003,TRUE,TRUE,
Justice League,2001-2004,,,
Justice League Unlimited,2004-2006,,,
Justified,2010-2015,,,
Kabaneri of the Iron Fortress,2016,TRUE,TRUE,
KaBlam!,1996-2000,,,
Kaguya-sama: Love Is War,2019-2022,,,
Kaiba,2008,,,
Kaina of the Great Snow Sea,2023,,,
Kakegurui,2017-2019,,,
KanColle: Kantai Collection,2015,,,
Kangxi Dynasty,2001,,,
Katanagatari,2010,,,
Keep Your Hands Off Eizouken!,2020,,,
Kenan & Kel,1996-2000,TRUE,,
KENGAN ASHURA,2019-2024,,,
Kevin Can F**K Himself,2021-2022,,,
Kidding,2018-2020,,,
Kids on the Slope,2012,,,
Kill la Kill,2013-2014,TRUE,TRUE,
Kim Possible,2002-2007,,,
Kimba the White Lion,1965-1967,,,
King of the Hill,1997-Present,TRUE,,
Kingdom,2019-2020,TRUE,TRUE,
Kingdom (2012),2012-Present,,,
Kirby: Right Back at Ya!,2001-2003,,,
Kitchen Knife and Green Chili Pepper,2023,,,
Kiznaiver,2016,,,
Knightfall,2017-2019,,,
Knights of Sidonia,2014-2015,,,
KONOSUBA - God's blessing on this wonderful world!,2016-2024,,,
Kung Fu,1972-1975,,,
Kyousougiga,2013,,,
Land of the Lustrous,2017,,,
Last Exile,2003-2012,TRUE,TRUE,
Law & Order,1990-Present,TRUE,,
Law & Order: Criminal Intent,2001-2011,TRUE,,
Law & Order: Special Victims Unit,1999-Present,TRUE,,
Legend of Crystania: The Chaos Ring,1996-1997,,,
Legend of Mana -The Teardrop Crystal-,2022,,,
Legend of the Galactic Heroes,1988-1997,,,
Legend of the Seeker,2008-2010,TRUE,TRUE,
Legends of the Dark King: A Fist of the North Star Story,2008,,,
Legends of the Hidden Temple,1993-1995,TRUE,,
Legion,2017-2019,,,
Lexx,1996-2002,,,
Life,2007-2009,,,
Life's Too Short,2011,,,
Lime-Colored History of War,2003-2005,,,
LINK CLICK,2021-Present,,,
Little Witch Academia,2017,TRUE,TRUE,
Living with Yourself,2019,,,
Locke & Key,2020-2022,,,
Log Horizon,2013-2021,TRUE,,
Lonesome Dove,1989,,,
Long Way Down,2007,,,
Long Way Round,2004,,,
Long Way Up,2020,,,
Longmire,2012-2017,,,
Lost,2004-2010,,,
Louie,2010-2015,,,
Love Hina,2000,,,
"Love, Death & Robots",2019-Present,TRUE,TRUE,
LuLaRich,2021,,,
Lupin III,1971-2022,,,
Lupin the Third: The Woman Called Fujiko Mine,2012,,,
Lycoris Recoil,2022,,,
M*A*S*H,1972-1983,TRUE,TRUE,
Macross,1982-1983,,,
Macross 7,1994-1995,,,
Macross Frontier,2008,,,
Macross II: Lovers Again,1992,,,
Macross Plus,1994-1995,,,
Macross Zero,2002-2004,,,
Macross Δ,2015-2016,,,
Mad Men,2007-2015,TRUE,,
Made in Abyss,2017-2022,TRUE,,
MADtv,1995-2016,TRUE,,
Magi,2012-2014,,,
Magi: Adventure of Sinbad,2016,,,
Magic Knight Rayearth,1994-1995,,,
Malcolm in the Middle,2000-2006,TRUE,,
Manhunt (2017),2017-2020,,,
Manhunt: The Railway Killers,2021-Present,,,
Maniac,2018,,,
Maoyu: Archenemy & Hero,2013,,,
Maps of Meaning: The Architecture of Belief (2017),2017,TRUE,TRUE,
March Comes in Like a Lion,2016-2018,,,
Marco Polo,2014-2016,,,
Mare of Easttown,2021,TRUE,TRUE,
Married... with Children,1987-1997,TRUE,,
Martian Successor Nadesico,1996-1997,,,
Marvel's Agents of S.H.I.E.L.D.,2013-2020,,,
Marvel's The Punisher,2017-2019,,,
MASHLE: MAGIC AND MUSCLES,2023-Present,,,
MasterClass: Neil Gaiman Teaches the Art of Storytelling,2019,TRUE,TRUE,
Maverick,1957-1962,,,
Max Headroom,1987-1988,TRUE,,
Mayans M.C.,2018-2023,,,
Mazinkaiser,2001-2003,,,
McHale's Navy,1962-1966,,,
McMillion$,2020,,,
MEGALOBOX,2018-2021,,,
MegaMan NT Warrior,2001-2006,,,
Metalocalypse,2006-2012,,,
MH370: The Plane That Disappeared,2023,TRUE,TRUE,
Miami Vice,1984-1989,,,
Michiko & Hatchin,2008-2009,,,
Micro Monsters with David Attenborough,2013,,,
Midnight Diner,2017,,,
Midnight Mass,2021,,,
Mighty Space Miners,1994-1995,,,
Mike Tyson Mysteries,2014-2020,TRUE,,
Mildred Pierce,2011,,,
Millennium,1996-1999,,,
Million Dollar Extreme Presents: World Peace,2016,TRUE,TRUE,
MINDHUNTER,2017-2019,TRUE,,
Miss Kobayashi's Dragon Maid,2017-2021,,,
Miss Kuroitsu From the Monster Development Department,2022,,,
Miyuki-chan in Wonderland,1995,,,
Mob Psycho 100,2016-2022,TRUE,,
Mobile Fighter G Gundam,1994-1995,,,
Mobile Suit Gundam,1979-1980,,,
Mobile Suit Gundam 00,2007-2009,,,
Mobile Suit Gundam 0080: War in the Pocket,1989,,,
Mobile Suit Gundam 0083: Stardust Memory,1991-1992,,,
Mobile Suit Gundam AGE,2011-2012,,,
Mobile Suit Gundam SEED,2002-2005,,,
Mobile Suit Gundam SEED Destiny,2004-2005,,,
Mobile Suit Gundam Thunderbolt,2015-2017,,,
Mobile Suit Gundam Unicorn,2010-2014,,,
Mobile Suit Gundam Unicorn RE:0096,2016,,,
Mobile Suit Gundam Wing,1995-1996,,,
Mobile Suit Gundam ZZ,1986-1987,,,
Mobile Suit Gundam: Iron-Blooded Orphans,2015-2017,,,
Mobile Suit Gundam: MS IGLOO,2004-2009,,,
Mobile Suit Gundam: The 08th MS Team,1996-1999,,,
Mobile Suit Gundam: The Origin - Advent of the Red Comet,2019,,,
Mobile Suit Gundam: The Witch from Mercury,2022-2023,,,
Mobile Suit Victory Gundam,1993-1994,,,
Mobile Suit Zeta Gundam,1985-1986,,,
Monarchy,2004-Present,,,
Monk,2002-2009,TRUE,,
Monogatari,2009-Present,,,
Mononoke,2007,,,
Monster,2004-2005,TRUE,TRUE,
Monster Girl Doctor,2020,,,
Monster Musume: Everyday Life with Monster Girls,2015,,,
Monster Rancher,1999-2001,,,
Monty Python's Flying Circus,1969-1974,TRUE,TRUE,
Moomin,1990-1992,,,
Moominvalley,2019-Present,TRUE,TRUE,
Moonbase 8,2020,,,
Moonlighting,1985-1989,,,
Moribito: Guardian of the Spirit,2007,,,
Mork & Mindy,1978-1982,,,
Mortal Kombat: Legacy,2011-2013,,,
Mr. Bean,1990-1995,TRUE,TRUE,
Mr. Show,1995-1998,,,
"Murder, She Wrote",1984-1996,TRUE,,
Mushi-Shi,2005-2014,,,
Mushoku Tensei: Jobless Reincarnation,2021-Present,,,
MXC,2003-2007,,,
My Brilliant Friend,2018-2024,,,
My Hero Academia,2016-Present,TRUE,,
My Hero Academia: Vigilantes,2025-Present,,,
Mystery Science Theater 3000,1988-1999,TRUE,,
MythBusters,2003-2018,TRUE,,
Mythic Quest,2020-2025,,,
Mythos,1985-2011,,,
Nadia: The Secret of Blue Water,1990-1991,,,
Narcos,2015-2017,,,
Narcos: Mexico,2018-2021,,,
Naruto,2002-2007,TRUE,,
Naruto Shippūden,2007-2017,,,
Nash Bridges,1996-2001,,,
Nathan for You,2013-2017,,,
Natsume's Book of Friends,2008-2024,,,
Nazca,1998,,,
NCIS,2003-Present,TRUE,,
Negotiation,2024,,,
Neon Genesis Evangelion,1995-1996,,,
New Dominion Tank Police,1993-1994,,,
NewsRadio,1995-1999,TRUE,TRUE,
Nichijou: My Ordinary Life,2011,,,
NieR:Automata Ver1.1a,2023-2024,,,
Night on Earth,2020,,,
Night Sky,2022,,,
Night Warriors: Darkstalkers' Revenge,1997-1998,,,
Nikita,2010-2013,,,
Nine Perfect Strangers,2021-Present,,,
Ninja Resurrection,1997-1998,,,
Ninja Scroll: The Series,2003,,,
Nip/Tuck,2003-2010,,,
No Guns Life,2019-2020,TRUE,,
Noragami,2014-2015,,,
Norm Macdonald Has a Show,2018,TRUE,,
Norm Macdonald Live,2013-2017,TRUE,,
Norsemen,2016-2020,,,
North & South,2004,,,
North and South,1985-1994,,,
ODDTAXI,2021,TRUE,TRUE,
One Piece,1999-Present,TRUE,,
One-Punch Man,2015-Present,TRUE,,
Only Murders in the Building,2021-Present,TRUE,TRUE,
Orange Is the New Black,2013-2019,,,
Orb: On the Movements of the Earth,2024-2025,,,
Orphan Black,2013-2017,,,
Our Planet,2019-2023,,,
Outlander,2014-Present,,,
Outlaw Star,1998-1999,,,
Over the Garden Wall,2014,TRUE,TRUE,
Overlord,2015-2022,TRUE,,
Overman King Gainer,2002-2003,,,
Ozark,2017-2022,,,
Panty & Stocking with Garterbelt,2010,,,
Paranoia Agent,2004,,,
Parasite Dolls,2003,,,
Parasyte -the maxim-,2014-2015,TRUE,,
Parenting,2025,,,
Parish,2024,TRUE,,
Parks and Recreation,2009-2015,TRUE,,
Party Down,2009-2023,,,
Patlabor: Mobile Police,1988-1989,,,
Patlabor: The Mobile Police,1989-1992,,,
Peaky Blinders,2013-2022,,,
Penn & Teller: Bull!,2003-2010,TRUE,,
Penny Dreadful,2014-2016,TRUE,,
Penny Dreadful: City of Angels,2020,,,
Perpetual Grace LTD,2019,,,
Perry Mason,2020-2023,,,
PERSONA -trinity soul-,2008,,,
PERSONA 4 the Animation,2011-2012,,,
Persona 4 The Golden Animation,2014,,,
PERSONA5 the Animation,2018,,,
Personality and its Transformations,2017,,,
Pet Shop of Horrors,1999,,,
Phantom Quest Corp.,1994-1995,,,
Phineas and Ferb,2007-Present,,,
Pinky and the Brain,1995-1998,TRUE,,
Planet Earth,2006,,,
Planet Earth II,2016,,,
PLUTO,2023,,,
Pokémon,1997-2023,TRUE,,
Pokémon Concierge,2023-Present,,,
Police Squad!,1982,,,
Pop Team Epic,2018-2022,,,
Portlandia,2011-2018,TRUE,,
Power Rangers,1993-2023,TRUE,,
Preacher,2016-2019,,,
Prehistoric Planet,2022-Present,,,
Pride and Prejudice,1995,,,
Primal,2019-Present,TRUE,,
Prison Break,2005-2017,,,
Prison School,2015,,,
Project A-ko,1986-1990,TRUE,TRUE,
Project Blue Book,2019-2020,,,
Psych,2006-2014,TRUE,,
Psycho-Pass,2012-2019,TRUE,TRUE,
Puella Magi Madoka Magica,2011,,,
Pushing Daisies,2007-2009,,,
Quantico,2015-2018,,,
Quantum Leap,1989-1993,,,
Queen Emeraldas,1998-1999,,,
RahXephon,2002,,,
Raised by Wolves,2020-2022,,,
Ranking of Kings,2021-2022,,,
Ranma ½,1989-1992,,,
Ray Mears' Bushcraft,2004-2005,,,
Re:Creators,2017,,,
Re:ZERO -Starting Life in Another World-,2016-Present,,,
Real Drive,2008,,,
ReBoot,1994-2001,,,
Recess,1997-2001,TRUE,,
Record of Grancrest War,2018,,,
Record of Lodoss War,1990-1991,,,
Record of Lodoss War: Chronicles of the Heroic Knight,1998,,,
Record of Ragnarok,2021-Present,,,
Red Dwarf,1988-2017,,,
Redwall,1999-2002,,,
Regular Show,2010-2017,TRUE,,
Resident Alien,2021-Present,TRUE,,
Revenger,2023,,,
Revue Starlight,2018,,,
RG Veda,1991-1992,,,
Rick and Morty,2013-Present,TRUE,TRUE,
Robot Chicken,2005-2022,,,
Robotics;Notes,2012-2013,,,
Rocko's Modern Life,1993-1996,TRUE,,
Rome,2005-2007,TRUE,TRUE,
Ronja the Robber's Daughter,2014-2015,,,
Roughnecks: The Starship Troopers Chronicles,1999-2000,,,
Rugrats,1991-2004,TRUE,,
Ruin Explorers Fam & Ihrie,1995-1996,,,
Rune Soldier,2000-2001,,,
Rurouni Kenshin,1996-1998,,,
Russian Doll,2019-2022,,,
RWBY,2012-Present,TRUE,,
Saga of Tanya the Evil,2017-Present,,,
Sailor Moon,1992-1997,TRUE,,
Sailor Moon Crystal,2014-2016,,,
Saint Seiya,1986-2019,,,
Saint Seiya: The Hades Chapter,2002-2008,,,
Saint Seiya: The Lost Canvas,2009-2011,,,
Salem's Lot,1979,,,
Salute Your Shorts,1991-1992,TRUE,,
Samurai 7,2004,,,
Samurai Champloo,2004-2005,,,
Samurai Jack,2001-2017,TRUE,TRUE,
Samurai Spirits 2: Asura Zanmaden,1999,,,
Sarah & Duck,2013-2017,TRUE,,
Sasaki and Peeps,2024-Present,,,
Sasquatch,2021,,,
Saturday Night Live,1975-Present,TRUE,,
Sayonara Zetsubou Sensei,2007-2009,,,
Scam 1992 - The Harshad Mehta Story,2020,,,
Schoolhouse Rock!,1973-2009,TRUE,,
Science Ninja Team Gatchaman,1972-1980,,,
"Scooby-Doo, Where Are You!",1969-1978,TRUE,,
Scrapped Princess,2003,,,
Scrubs,2001-2010,TRUE,,
Seinfeld,1989-1998,TRUE,TRUE,
Senna,2024,,,
Sense8,2015-2018,TRUE,,
Seraph of the End,2015,,,
Serial Experiments Lain,1998,TRUE,TRUE,
Servant,2019-2023,,,
Shadow and Bone,2021-2023,TRUE,,
Shadowhunters,2016-2019,,,
Shamanic Princess,1996-1998,,,
Sharpe,1993-2008,,,
Sherlock,2010-2017,TRUE,TRUE,
Shin Megami Tensei: Devil Children,2000-2001,,,
SHIROBAKO,2014-2015,,,
Show Me a Hero,2015,,,
Showa Genroku Rakugo Shinju,2016-2017,,,
Shutsugeki! Machine Robo Rescue,2003-2004,,,
Shōgun,2024-Present,TRUE,,
Shōgun,1980,,,
Silicon Valley,2014-2019,TRUE,,
Sirius the Jaeger,2018,,,
SK8 the Infinity,2021-Present,,,
Slayers,1995-2009,,,
Sledge Hammer!,1986-1988,,,
Sleepy Princess in the Demon Castle,2020,,,
Snorks,1984-1989,TRUE,,
Solar Opposites,2020-Present,TRUE,,
Sonic Boom,2014-2017,,,
Sonic Prime,2022-2024,,,
Sonic the Hedgehog,1993-1994,TRUE,,
Sonic Underground,1999,,,
Sonic X,2003-2009,,,
Sonny Boy,2021,TRUE,TRUE,
Sons of Anarchy,2008-2014,TRUE,,
Sorcerer Hunters,1995-1996,,,
Soul Eater,2008-2009,,,
South Park,1997-Present,TRUE,,
Southland,2009-2013,,,
Space Battleship Yamato,1974-1981,,,
Space Dandy,2014,,,
Space Ghost and Dino Boy,1966-1967,,,
Space Ghost Coast to Coast,1993-2008,TRUE,,
Space Patrol Luluco,2016,,,
Space Pirate Captain Harlock,1978-1979,TRUE,TRUE,
Space Pirate Captain Herlock: Outside Legend - The Endless Odyssey,2002-2003,,,
Sparking Joy with Marie Kondo,2021,,,
Spartacus,2010-2013,TRUE,,
Spawn,1997-1999,,,
Special Investigation Robo Janperson,1993-1994,,,
Speed Racer,1967-1968,TRUE,,
SpongeBob SquarePants,1999-Present,TRUE,,
Sports Show with Norm Macdonald,2011,TRUE,,
Spy Classroom,2023,,,
SPY x FAMILY,2022-Present,TRUE,,
Squid Game,2021-2025,TRUE,,
SSSS.DYNAZENON,2021,,,
SSSS.GRIDMAN,2018,,,
Star Blazers: Space Battleship Yamato 2199,2012-2019,,,
Star Driver,2010-2011,,,
Star Ocean EX,2001,,,
Star Trek,1966-1969,,,
Star Trek: Deep Space Nine,1993-1999,,,
Star Trek: The Animated Series,1973-1974,,,
Star Trek: The Next Generation,1987-1994,,,
Star Trek: Voyager,1995-2001,,,
Star Wars: Clone Wars,2003-2005,,,
Star Wars: The Bad Batch,2021-2024,,,
Star Wars: The Clone Wars,2008-2020,,,
Stargate Atlantis,2004-2009,TRUE,,
Stargate SG-1,1997-2007,TRUE,,
Stargate Universe,2009-2011,,,
Starship Troopers,1988,TRUE,,
Starsky & Hutch,1975-1979,,,
Steins;Gate,2011,TRUE,TRUE,
Steins;Gate 0,2018,,,
Stellvia of the Universe,2003,,,
Storm of the Century,1999,,,
Stranger Things,2016-Present,TRUE,,
Street Fighter,1995-1997,,,
Street Fighter II: V,1995,,,
Street Sharks,1994-1997,,,
Succession,2018-2023,,,
Summer Time Rendering,2022,,,
Super Robot Wars: Original Generation - Divine Wars,2006-Present,,,
Super Secret Secret Squirrel,1993,TRUE,,
Superb Song of the Valkyries: Symphogear,2012-2019,,,
Supernatural,2005-2020,,,
Survivorman,2004-2016,,,
SWAT Kats: The Radical Squadron,1993-1995,TRUE,,
Sword Art Online,2012-2020,TRUE,TRUE,
Sym-Bionic Titan,2010-2011,,,
Takeshi's Castle,2002-2005,,,
Tales from the Crypt,1989-1996,,,
Tales of Phantasia: The Animation,2004-2006,,,
TaleSpin,1990-1991,TRUE,,
Taxi,1978-1983,,,
Ted Lasso,2020-Present,TRUE,,
Teen Titans,2003-2006,,,
Teenage Mutant Ninja Turtles,1987-1996,,,
Teenage Mutant Ninja Turtles,2012-2017,,,
Tekkaman Blade,1992-1993,,,
Tekkaman Blade II,1994-1995,,,
Tenchi Muyo! GXP,2002-Present,,,
Tenchi Muyo! Ryo-Ohki,1992-2021,,,
Tenchi Muyo! War on Geminar,2009-2010,,,
Terror in Resonance,2014,TRUE,,
Terry Pratchett's The Colour of Magic,2008,,,
That Mitchell and Webb Look,2006-2010,,,
The A-Team,1983-1987,,,
"The Adventures of Brisco County, Jr.",1993-1994,,,
The Adventures of Pete & Pete,1992-1996,TRUE,,
The Adventures of Super Mario Bros. 3,1990,,,
The Alienist,2018-2020,,,
The Amazing World of Gumball,2011-2025,,,
The Americans,2013-2018,,,
The Anarchists,2022,,,
The Ancient Magus' Bride,2017-2023,TRUE,TRUE,
The Angry Beavers,1997-2001,TRUE,,
The Aquatope on White Sand,2021,,,
The Bear,2022-Present,TRUE,,
The Big Bang Theory,2007-2019,TRUE,TRUE,
The Birth of Empire: The East India Company,2014,,,
The Blacklist,2013-2023,TRUE,,
The Blue Planet,2001,,,
The Boondocks,2005-2014,,,
The Borgias,2011-2013,,,
The Boys,2019-Present,TRUE,,
The Century of the Self,2002,,,
The Century that Wrote Itself,2013-Present,,,
The Chosen,2017-Present,,,
The Civil War,1990,,,
The Consultant,2023-Present,TRUE,TRUE,
The Continental: From the World of John Wick,2023,TRUE,,
The Critic,1994-1995,,,
The Crown,2016-2023,,,
The Cuphead Show!,2022,,,
The Dana Carvey Show,1996,,,
The Dark Crystal: Age of Resistance,2019,,,
The Disastrous Life of Saiki K.,2016-2018,,,
The Dresden Files,2007,,,
The Drew Carey Show,1995-2004,TRUE,,
The Equalizer,1985-1989,TRUE,,
The Eric Andre Show,2012-Present,TRUE,,
The Exodite,2022-Present,,,
The Expanse,2015-2022,TRUE,,
The Fable,2024,,,
The Fairly OddParents,2001-2017,TRUE,,
The Fire Hunter,2023-2024,,,
The Flintstones,1960-1966,TRUE,,
The Flying Nun,1967-1970,,,
The Frankenstein Chronicles,2015-2017,,,
The Fresh Prince of Bel-Air,1990-1996,,,
The Fugitive,1963-1967,,,
The Future Diary,2011-2012,,,
The Golden Girls,1985-1992,TRUE,TRUE,
The Good Doctor,2017-2024,,,
The Gospels,2024-Present,TRUE,TRUE,
The Grand Tour,2016-Present,,,
The Great,2020-2023,,,
The Grim Adventures of Billy and Mandy,2003-2007,,,
The Guild,2007-2013,TRUE,,
The Guyver: Bio-Booster Armor,1989-1992,,,
The Handmaid's Tale,2017-2025,TRUE,,
The Heroic Legend of Arslan,2015-2016,,,
The Idaten Deities Know Only Peace,2021,,,
The Imagineering Story,2019,,,
The Irregulars,2021,,,
The Irresponsible Captain Tylor,1993,,,
The IT Crowd,2006-2010,TRUE,,
The Jetsons,1962-1987,TRUE,,
The Jinx: The Life and Deaths of Robert Durst,2015-2024,,,
The Joy of Painting,1983-1994,,,
The Kids in the Hall,1989-1995,TRUE,,
The Kids in the Hall,2022,,,
The Kids in the Hall: Death Comes to Town,2010,,,
The King of Fighters: Another Day,2005-2006,,,
The King of Queens,1998-2007,TRUE,,
The Last Dance,2020,,,
The Last Kingdom,2015-2022,,,
The Leftovers,2014-2017,,,
The Legend of Heroes: Trails of Cold Steel - Northern War,2023,,,
The Legend of Korra,2012-2014,TRUE,TRUE,
The Legend of Prince Valiant,1991-1993,,,
The Legend of the Galactic Heroes: Die Neue These,2018-Present,,,
The Legend of Vox Machina,2022-Present,,,
The Legend of Zelda,1989,,,
The Liberator,2020,,,
The Lone Gunmen,2001,,,
The Looming Tower,2018,,,
The Man in the High Castle,2015-2019,TRUE,,
The Mandalorian,2019-2023,TRUE,,
The Marvelous Misadventures of Flapjack,2008-2010,,,
The Marvelous Mrs. Maisel,2017-2023,TRUE,,
The Melancholy of Haruhi Suzumiya,2006-2009,,,
The Men Who Built America: Frontiersmen,2018,,,
The Misfit of Demon King Academy,2020-2024,,,
The Morose Mononokean,2016-2019,,,
The Most Hated Man on the Internet,2022,,,
The Movies That Made Us,2019-2021,,,
The New Adventures of Jonny Quest,1986-1987,,,
The New Adventures of Winnie the Pooh,1988-1991,,,
The New Batman Adventures,1997-1999,,,
The Newsroom,2012-2014,,,
The Norm Show,1999-2001,TRUE,,
The North Water,2021,,,
The O.C.,2003-2007,,,
The Odyssey,1997,,,
The Odyssey,1992-1994,,,
The Office,2001-2002,TRUE,TRUE,
The Office (US),2005-2013,TRUE,TRUE,
The Old Man,2022-2024,,,
The Orville,2017-Present,TRUE,,
The Outer Limits,1995-2002,TRUE,,
The Outer Limits,1963-1965,,,
The Outsider (2020),2020,,,
The Pacific,2010,,,
The Pale Horse,2020,,,
The Penguins of Madagascar,2008-2013,,,
The Pirates of Dark Water,1991-1993,TRUE,,
The Powerpuff Girls,1998-2005,TRUE,,
The Prince of Tennis,2001-2005,,,
The Promised Neverland,2019-2021,,,
The Queen's Gambit,2020,,,
The Rain,2018-2020,,,
The Resident,2018-2023,,,
The Right Stuff,2020,,,
The Rising of the Shield Hero,2019-Present,,,
The Sandbaggers,1978-1980,,,
The Sandman,2022-2025,,,
The Serpent,2021,,,
The Seven Deadly Sins,2014-2021,TRUE,,
The Shannara Chronicles,2016-2017,TRUE,,
The Shield,2002-2008,,,
The Simpsons,1989-Present,TRUE,,
The Smash Brothers,2013,,,
The Sopranos,1999-2007,,,
The Spy,2019,,,
The Stand,1994,,,
The Strain,2014-2017,TRUE,,
The Tale of Outcasts,2023,,,
The Terminal List,2022-Present,,,
The Terror,2018-Present,,,
The Tetris Murders,2022,,,
The Thick of It,2005-2012,,,
The Third Day,2020,,,
The Thorn Birds,1983,,,
The Tick (1994),1994-1996,,,
The Transformers,1984-1987,TRUE,,
The Tudors,2007-2010,TRUE,,
The Twilight Zone,1959=1964,TRUE,,
The Umbrella Academy,2019-2024,,,
The Undoing,2020,,,
The Untold History of the United States,2012-2013,,,
The Venture Bros.,2003-2018,TRUE,,
The Vision of Escaflowne,1996,,,
The Vow,2020-2022,,,
The Walking Dead,2010-2022,TRUE,,
The War,2007,,,
The Watch,2020-2021,,,
The Way of the Househusband (2021),2021-2023,,,
The White Lotus,2021-Present,TRUE,,
The White Princess,2017,,,
The White Queen,2013,,,
The Wild Thornberrys,1998-2004,,,
The Wind in the Willows,1984-1990,,,
The Wire,2002-2008,,,
The Witcher,2019-Present,TRUE,,
The Wonder Years,1988-1993,,,
The World God Only Knows,2010-2013,,,
The X-Files,1993-2018,TRUE,,
The Young Pope,2016,TRUE,,
Thermae Romae Novae,2022,,,
This Is a Robbery: The World's Biggest Art Heist,2021,,,
Thunderbirds,1965-1966,,,
Thunderbolt Fantasy,2016-2024,,,
ThunderCats,2011-2012,,,
Tidying Up with Marie Kondo,2019,TRUE,,
Tiger,2004,,,
Tiger King,2020-2021,TRUE,TRUE,
Tiger King: The Doc Antle Story,2021,,,
Timmy Time,2009-2012,,,
Tinker Tailor Soldier Spy,1979,,,
Tiny World,2020-2021,,,
Tires,2024-Present,TRUE,,
Titans,2018-2023,,,
To Your Eternity,2021-Present,,,
Tokyo Ghoul,2014-2018,TRUE,,
Tokyo Magnitude 8.0,2009,,,
Tokyo Revengers,2021-Present,TRUE,,
Tokyo Vice,2022-2024,,,
Tom Clancy's Jack Ryan,2018-2023,,,
Top Gear,2002-2022,TRUE,,
Toradora!,2008-2009,TRUE,TRUE,
Torchwood,2006-2011,,,
Toriko,2009-2014,,,
Trailer Park Boys,2001-2018,TRUE,,
Transformations of Myth Through Time - Joseph Campbell,1990,,,
Travel Man: 48 Hours in...,2015-Present,,,
Trese,2021,,,
TRIGUN,1998,TRUE,,
TRIGUN STAMPEDE,2023-Present,,,
Trinity Blood,2005,,,
Trollhunters: Tales of Arcadia,2016-2018,,,
TRON: Uprising,2012-2013,,,
True Blood,2008-2014,TRUE,,
True Detective,2014-Present,TRUE,TRUE,
Truth Seekers,2020,,,
Tsubasa RESERVoir CHRoNiCLE,2005-2006,,,
TURN: Washington's Spies,2014-2017,,,
Twilight of the Gods,2024,,,
Twin Peaks,1990-2017,,,
Ultraman,1966-1967,TRUE,,
Ultraman Dyna,1997-1998,,,
Ultraman Max,2005-2006,,,
Ultraman Nexus,2004-2005,,,
Unabomber: In His Own Words,2020,,,
Unbreakable Kimmy Schmidt,2015-2019,,,
Undefeated Bahamut Chronicle,2016,,,
Upload,2020-Present,,,
V,1984-1985,,,
V,2009-2011,,,
Valkyria Chronicles,2009,,,
Valvrave the Liberator,2013,,,
Veep,2012-2019,TRUE,,
Versailles (2015),2015-2018,,,
Vikings,2013-2021,,,
Vinland Saga,2019-Present,,,
Vinyl,2016,,,
Violet Evergarden,2018,,,
Violinist of Hamelin,1996-1997,,,
Vision & Destiny,2023,,,
Vivy: Fluorite Eye's Song,2021,TRUE,TRUE,
Voltron Force,2011-2012,,,
Voltron: Defender of the Universe,1984-1985,TRUE,,
Waco,2018,,,
Wakfu,2007-Present,TRUE,TRUE,
"Walker, Texas Ranger",1993-2001,,,
Warehouse 13,2009-2014,,,
Warrior,2019-2023,,,
Watership Down,2018,,,
We Bare Bears,2014-2019,TRUE,,
WeCrashed,2022,,,
Weeds,2005-2012,,,
Welcome to the Ballroom,2017,,,
Welcome to the N.H.K.,2006,,,
Wellington Paranormal,2018-2022,,,
Westworld,2016-2022,TRUE,,
Whale Wars,2008-2015,TRUE,,
What If...?,2021-2024,,,
What We Do in the Shadows,2019-2024,,,
"What's New, Scooby-Doo?",2002-2005,TRUE,,
When Supernatural Battles Became Commonplace,2014,,,
Where on Earth is Carmen Sandiego?,1994-1999,TRUE,,
Who Killed Jeffrey Epstein?,2020,,,
Whose Line is it Anyway?,1988-1998,TRUE,,
Whose Line Is It Anyway? (US),1998-Present,TRUE,,
Wild Wild Country,2018,,,
Wilfred (US),2011-2014,,,
Wings,1990-1997,,,
Witch Hunter Robin,2002,,,
Witchblade,2006,TRUE,TRUE,
Wizards: Tales of Arcadia,2020,,,
Wolf Hall,2015-2024,,,
Workaholics,2011-2017,TRUE,,
Wormwood,2017,,,
Wu Assassins,2019,,,
Wu-Tang: An American Saga,2019-2023,,,
X-Men: The Animated Series,1992-1997,TRUE,,
Xena: Warrior Princess,1995-2001,TRUE,,
xxxHOLiC,2006-2008,,,
Y: The Last Man,2021,,,
Ya Boy Kongming!,2022,,,
Yes Minister,1980-1982,,,
"Yes, Prime Minister",2013,,,
Yona of the Dawn,2014-2015,,,
You,2018-2025,TRUE,,
Young Hercules,1998-1999,,,
Young Justice,2010-2022,,,
Ys,1989-1993,,,
Yu-Gi-Oh!,1998,,,
Yu-Gi-Oh! Duel Monsters,2000-2004,,,
Yuri!!! on Ice,2016,,,
Z: The Beginning of Everything,2015-2017,,,
Zoids: Fuzors,2003-2005,,,
